danceability,energy,key,loudness,mode,speechiness,acousticness,instrumentalness,liveness,valence,tempo,type,id,uri,track_href,analysis_url,duration_ms,time_signature
0.653,0.472,2,-14.797,1,0.0353,0.0554,7.69e-5,0.397,0.448,102.558,audio_features,5A7eooPKJHtr0UJmatjH4a,spotify:track:5A7eooPKJHtr0UJmatjH4a,https://api.spotify.com/v1/tracks/5A7eooPKJHtr0UJmatjH4a,https://api.spotify.com/v1/audio-analysis/5A7eooPKJHtr0UJmatjH4a,74411,4
0.468,0.536,11,-10.422,0,0.144,0.024,0.00199,0.269,0.785,126.256,audio_features,0vFOzaXqZHahrZp6enQwQb,spotify:track:0vFOzaXqZHahrZp6enQwQb,https://api.spotify.com/v1/tracks/0vFOzaXqZHahrZp6enQwQb,https://api.spotify.com/v1/audio-analysis/0vFOzaXqZHahrZp6enQwQb,382834,1
0.484,0.731,1,-6.694,1,0.0379,0.431,0,0.151,0.51,101.654,audio_features,7yq4Qj7cqayVTp3FF9CWbm,spotify:track:7yq4Qj7cqayVTp3FF9CWbm,https://api.spotify.com/v1/tracks/7yq4Qj7cqayVTp3FF9CWbm,https://api.spotify.com/v1/audio-analysis/7yq4Qj7cqayVTp3FF9CWbm,204280,4
0.694,0.331,9,-13,1,0.0284,0.806,0.00235,0.707,0.458,79.055,audio_features,3UqHlIBI771FNCiLY5MKrp,spotify:track:3UqHlIBI771FNCiLY5MKrp,https://api.spotify.com/v1/tracks/3UqHlIBI771FNCiLY5MKrp,https://api.spotify.com/v1/audio-analysis/3UqHlIBI771FNCiLY5MKrp,280000,4
0.572,0.214,7,-15.625,1,0.0293,0.649,0.129,0.125,0.485,95.542,audio_features,6zC0mpGYwbNTpk9SKwh08f,spotify:track:6zC0mpGYwbNTpk9SKwh08f,https://api.spotify.com/v1/tracks/6zC0mpGYwbNTpk9SKwh08f,https://api.spotify.com/v1/audio-analysis/6zC0mpGYwbNTpk9SKwh08f,225027,4
0.755,0.638,5,-7.54,1,0.0557,0.178,0,0.739,0.852,121.282,audio_features,4D9uQHmo0HA8yRtU7NuFAz,spotify:track:4D9uQHmo0HA8yRtU7NuFAz,https://api.spotify.com/v1/tracks/4D9uQHmo0HA8yRtU7NuFAz,https://api.spotify.com/v1/audio-analysis/4D9uQHmo0HA8yRtU7NuFAz,152613,4
0.559,0.524,2,-11.64,0,0.0462,0.318,9.4e-4,0.933,0.652,93.85,audio_features,5phbwzg5d2MqNAoc0435Zu,spotify:track:5phbwzg5d2MqNAoc0435Zu,https://api.spotify.com/v1/tracks/5phbwzg5d2MqNAoc0435Zu,https://api.spotify.com/v1/audio-analysis/5phbwzg5d2MqNAoc0435Zu,289027,4
0.392,0.128,4,-11.724,1,0.0334,0.892,1.27e-4,0.106,0.214,130.596,audio_features,37uKt0zuvQoULb9mnwRTHH,spotify:track:37uKt0zuvQoULb9mnwRTHH,https://api.spotify.com/v1/tracks/37uKt0zuvQoULb9mnwRTHH,https://api.spotify.com/v1/audio-analysis/37uKt0zuvQoULb9mnwRTHH,230368,4
0.383,0.662,2,-5.162,1,0.0333,0.165,0,0.248,0.138,121.154,audio_features,225xvV8r1yKMHErSWivnow,spotify:track:225xvV8r1yKMHErSWivnow,https://api.spotify.com/v1/tracks/225xvV8r1yKMHErSWivnow,https://api.spotify.com/v1/audio-analysis/225xvV8r1yKMHErSWivnow,298760,4
0.338,0.34,9,-12.049,0,0.0339,0.58,0.0032,0.116,0.197,82.433,audio_features,5CQ30WqJwcep0pYcV4AMNc,spotify:track:5CQ30WqJwcep0pYcV4AMNc,https://api.spotify.com/v1/tracks/5CQ30WqJwcep0pYcV4AMNc,https://api.spotify.com/v1/audio-analysis/5CQ30WqJwcep0pYcV4AMNc,482830,4
0.311,0.325,2,-9.042,1,0.0283,0.0469,0,0.139,0.668,65.09,audio_features,25yQPHgC35WNnnOUqFhgVR,spotify:track:25yQPHgC35WNnnOUqFhgVR,https://api.spotify.com/v1/tracks/25yQPHgC35WNnnOUqFhgVR,https://api.spotify.com/v1/audio-analysis/25yQPHgC35WNnnOUqFhgVR,208467,1
0.581,0.28,4,-9.091,0,0.0381,0.936,1.56e-5,0.305,0.813,137.831,audio_features,5GjPQ0eI7AgmOnADn1EO6Q,spotify:track:5GjPQ0eI7AgmOnADn1EO6Q,https://api.spotify.com/v1/tracks/5GjPQ0eI7AgmOnADn1EO6Q,https://api.spotify.com/v1/audio-analysis/5GjPQ0eI7AgmOnADn1EO6Q,126533,4
0.453,0.654,4,-8.855,0,0.0317,0.0205,0.00395,0.172,0.702,115,audio_features,389QX9Q1eUOEZ19vtzzI9O,spotify:track:389QX9Q1eUOEZ19vtzzI9O,https://api.spotify.com/v1/tracks/389QX9Q1eUOEZ19vtzzI9O,https://api.spotify.com/v1/audio-analysis/389QX9Q1eUOEZ19vtzzI9O,285000,4
0.613,0.0457,0,-26.398,1,0.0337,0.937,0.642,0.0991,0.093,99.524,audio_features,7K6xMPtAjTuLPNlJMLf5bS,spotify:track:7K6xMPtAjTuLPNlJMLf5bS,https://api.spotify.com/v1/tracks/7K6xMPtAjTuLPNlJMLf5bS,https://api.spotify.com/v1/audio-analysis/7K6xMPtAjTuLPNlJMLf5bS,192146,4
0.578,0.15,7,-17.335,1,0.0334,0.243,0.00707,0.0825,0.12,135.22,audio_features,1GEOSS415bZVHNuXWlCT6b,spotify:track:1GEOSS415bZVHNuXWlCT6b,https://api.spotify.com/v1/tracks/1GEOSS415bZVHNuXWlCT6b,https://api.spotify.com/v1/audio-analysis/1GEOSS415bZVHNuXWlCT6b,334893,4
0.359,0.48,9,-11.79,1,0.0841,0.521,0.0043,0.178,0.355,120.285,audio_features,3TO7bbrUKrOSPGRTB5MeCz,spotify:track:3TO7bbrUKrOSPGRTB5MeCz,https://api.spotify.com/v1/tracks/3TO7bbrUKrOSPGRTB5MeCz,https://api.spotify.com/v1/audio-analysis/3TO7bbrUKrOSPGRTB5MeCz,413947,4
0.587,0.302,0,-14.976,1,0.0293,0.223,0.00216,0.128,0.19,112.46,audio_features,7F02x6EKYIQV3VcTaTm7oN,spotify:track:7F02x6EKYIQV3VcTaTm7oN,https://api.spotify.com/v1/tracks/7F02x6EKYIQV3VcTaTm7oN,https://api.spotify.com/v1/audio-analysis/7F02x6EKYIQV3VcTaTm7oN,278441,4
0.268,0.459,10,-6.94,1,0.0346,0.378,0,0.118,0.175,64.177,audio_features,1lCRw5FEZ1gPDNPzy1K4zW,spotify:track:1lCRw5FEZ1gPDNPzy1K4zW,https://api.spotify.com/v1/tracks/1lCRw5FEZ1gPDNPzy1K4zW,https://api.spotify.com/v1/audio-analysis/1lCRw5FEZ1gPDNPzy1K4zW,179200,4
0.795,0.435,4,-8.927,1,0.0324,0.0841,2.6e-4,0.0763,0.596,108.95,audio_features,2AkmdLbVKS1steeZdy8H1l,spotify:track:2AkmdLbVKS1steeZdy8H1l,https://api.spotify.com/v1/tracks/2AkmdLbVKS1steeZdy8H1l,https://api.spotify.com/v1/audio-analysis/2AkmdLbVKS1steeZdy8H1l,258013,4
0.414,0.404,0,-9.928,0,0.0499,0.271,0,0.3,0.224,71.105,audio_features,4u7EnebtmKWzUH433cf5Qv,spotify:track:4u7EnebtmKWzUH433cf5Qv,https://api.spotify.com/v1/tracks/4u7EnebtmKWzUH433cf5Qv,https://api.spotify.com/v1/audio-analysis/4u7EnebtmKWzUH433cf5Qv,354320,4
0.671,0.712,2,-7.815,1,0.0476,0.429,0,0.103,0.462,113.805,audio_features,2fuCquhmrzHpu5xcA1ci9x,spotify:track:2fuCquhmrzHpu5xcA1ci9x,https://api.spotify.com/v1/tracks/2fuCquhmrzHpu5xcA1ci9x,https://api.spotify.com/v1/audio-analysis/2fuCquhmrzHpu5xcA1ci9x,248440,4
0.702,0.668,9,-9.237,1,0.214,0.518,0,0.0588,0.561,116.063,audio_features,1Ud6moTC0KyXMq1Oxfien0,spotify:track:1Ud6moTC0KyXMq1Oxfien0,https://api.spotify.com/v1/tracks/1Ud6moTC0KyXMq1Oxfien0,https://api.spotify.com/v1/audio-analysis/1Ud6moTC0KyXMq1Oxfien0,378147,4
0.464,0.795,1,-9.267,1,0.0926,0.0493,0.00244,0.399,0.612,158.691,audio_features,63T7DJ1AFDD6Bn8VzG6JE8,spotify:track:63T7DJ1AFDD6Bn8VzG6JE8,https://api.spotify.com/v1/tracks/63T7DJ1AFDD6Bn8VzG6JE8,https://api.spotify.com/v1/audio-analysis/63T7DJ1AFDD6Bn8VzG6JE8,202267,4
0.532,0.887,0,-3.757,1,0.0335,0.0778,2.14e-4,0.294,0.795,122.511,audio_features,37ZJ0p5Jm13JPevGcx4SkF,spotify:track:37ZJ0p5Jm13JPevGcx4SkF,https://api.spotify.com/v1/tracks/37ZJ0p5Jm13JPevGcx4SkF,https://api.spotify.com/v1/audio-analysis/37ZJ0p5Jm13JPevGcx4SkF,249293,4
0.658,0.495,7,-8.866,1,0.084,0.552,0,0.582,0.612,88.329,audio_features,08JSatvoYTwDDkMov7oHKA,spotify:track:08JSatvoYTwDDkMov7oHKA,https://api.spotify.com/v1/tracks/08JSatvoYTwDDkMov7oHKA,https://api.spotify.com/v1/audio-analysis/08JSatvoYTwDDkMov7oHKA,379307,4
0.347,0.847,2,-5.352,1,0.0389,0.174,0,0.755,0.351,132.97,audio_features,6tFiwRosuePm2v0DQTyGpj,spotify:track:6tFiwRosuePm2v0DQTyGpj,https://api.spotify.com/v1/tracks/6tFiwRosuePm2v0DQTyGpj,https://api.spotify.com/v1/audio-analysis/6tFiwRosuePm2v0DQTyGpj,258267,4
0.58,0.53,7,-9.622,1,0.055,0.402,0,0.0868,0.537,59.953,audio_features,76BVOZqKOZrTrRxMa4WJbD,spotify:track:76BVOZqKOZrTrRxMa4WJbD,https://api.spotify.com/v1/tracks/76BVOZqKOZrTrRxMa4WJbD,https://api.spotify.com/v1/audio-analysis/76BVOZqKOZrTrRxMa4WJbD,207679,4
0.798,0.651,2,-11.015,1,0.0772,0.0531,0.00159,0.0669,0.964,94.963,audio_features,7MFq7ihwl8ZolUaPCc4sKh,spotify:track:7MFq7ihwl8ZolUaPCc4sKh,https://api.spotify.com/v1/tracks/7MFq7ihwl8ZolUaPCc4sKh,https://api.spotify.com/v1/audio-analysis/7MFq7ihwl8ZolUaPCc4sKh,213267,4
0.779,0.717,11,-9.143,0,0.0384,0.426,0.00147,0.0761,0.899,116.928,audio_features,3j7dPWGbvPBTLWiYvXOS95,spotify:track:3j7dPWGbvPBTLWiYvXOS95,https://api.spotify.com/v1/tracks/3j7dPWGbvPBTLWiYvXOS95,https://api.spotify.com/v1/audio-analysis/3j7dPWGbvPBTLWiYvXOS95,213933,4
0.443,0.228,0,-11.518,1,0.0374,0.734,1.36e-5,0.184,0.291,125.999,audio_features,2gpQT3UwG8hR3CYEjcnTc4,spotify:track:2gpQT3UwG8hR3CYEjcnTc4,https://api.spotify.com/v1/tracks/2gpQT3UwG8hR3CYEjcnTc4,https://api.spotify.com/v1/audio-analysis/2gpQT3UwG8hR3CYEjcnTc4,237150,1
0.55,0.314,7,-14.133,1,0.0326,0.895,0.0107,0.188,0.595,90.088,audio_features,76bcaYeKOKTrj9lEc9BZFU,spotify:track:76bcaYeKOKTrj9lEc9BZFU,https://api.spotify.com/v1/tracks/76bcaYeKOKTrj9lEc9BZFU,https://api.spotify.com/v1/audio-analysis/76bcaYeKOKTrj9lEc9BZFU,394707,4
0.658,0.572,3,-7.527,1,0.0304,0.214,0,0.125,0.741,92.011,audio_features,5U28PY9MekLyCBYtLHGQpe,spotify:track:5U28PY9MekLyCBYtLHGQpe,https://api.spotify.com/v1/tracks/5U28PY9MekLyCBYtLHGQpe,https://api.spotify.com/v1/audio-analysis/5U28PY9MekLyCBYtLHGQpe,231474,4
0.589,0.542,6,-8.359,0,0.0746,0.125,3.31e-5,0.0883,0.327,100.884,audio_features,2LOIoeI16A8jjKubPKoCSa,spotify:track:2LOIoeI16A8jjKubPKoCSa,https://api.spotify.com/v1/tracks/2LOIoeI16A8jjKubPKoCSa,https://api.spotify.com/v1/audio-analysis/2LOIoeI16A8jjKubPKoCSa,201453,4
0.617,0.533,7,-6.386,1,0.0395,0.47,0,0.114,0.589,123.959,audio_features,1PQRwFvNM7xV65bIkHmDtx,spotify:track:1PQRwFvNM7xV65bIkHmDtx,https://api.spotify.com/v1/tracks/1PQRwFvNM7xV65bIkHmDtx,https://api.spotify.com/v1/audio-analysis/1PQRwFvNM7xV65bIkHmDtx,262552,4
0.676,0.374,10,-8.201,1,0.0266,0.877,1.32e-4,0.165,0.2,99.825,audio_features,2vRBYKWOyHtFMtiK60qRz7,spotify:track:2vRBYKWOyHtFMtiK60qRz7,https://api.spotify.com/v1/tracks/2vRBYKWOyHtFMtiK60qRz7,https://api.spotify.com/v1/audio-analysis/2vRBYKWOyHtFMtiK60qRz7,205468,4
0.45,0.318,11,-9.474,1,0.0324,0.85,0,0.101,0.492,93.344,audio_features,05QeyKGAn4TZrv41tMiD1A,spotify:track:05QeyKGAn4TZrv41tMiD1A,https://api.spotify.com/v1/tracks/05QeyKGAn4TZrv41tMiD1A,https://api.spotify.com/v1/audio-analysis/05QeyKGAn4TZrv41tMiD1A,180319,4
0.772,0.588,0,-7.201,1,0.0314,0.0582,1.79e-6,0.335,0.668,90.034,audio_features,4owo0j5bw45IqiHxsTzcd6,spotify:track:4owo0j5bw45IqiHxsTzcd6,https://api.spotify.com/v1/tracks/4owo0j5bw45IqiHxsTzcd6,https://api.spotify.com/v1/audio-analysis/4owo0j5bw45IqiHxsTzcd6,257847,4
0.452,0.524,0,-10.108,1,0.0351,0.315,0,0.103,0.246,151.505,audio_features,3ovjw5HZZv43SxTwApooCM,spotify:track:3ovjw5HZZv43SxTwApooCM,https://api.spotify.com/v1/tracks/3ovjw5HZZv43SxTwApooCM,https://api.spotify.com/v1/audio-analysis/3ovjw5HZZv43SxTwApooCM,312360,4
0.282,0.605,6,-4.916,0,0.0294,0.0047,0.00144,0.103,0.0783,103.929,audio_features,0RdUX4WE0fO30VnlUbDVL6,spotify:track:0RdUX4WE0fO30VnlUbDVL6,https://api.spotify.com/v1/tracks/0RdUX4WE0fO30VnlUbDVL6,https://api.spotify.com/v1/audio-analysis/0RdUX4WE0fO30VnlUbDVL6,403453,4
0.31,0.7,9,-5.678,1,0.047,0.011,0.00965,0.0828,0.763,188.386,audio_features,08mG3Y1vljYA6bvDt4Wqkj,spotify:track:08mG3Y1vljYA6bvDt4Wqkj,https://api.spotify.com/v1/tracks/08mG3Y1vljYA6bvDt4Wqkj,https://api.spotify.com/v1/audio-analysis/08mG3Y1vljYA6bvDt4Wqkj,255493,4
0.454,0.91,6,-7.766,1,0.0448,0.0866,0.0996,0.116,0.629,125.116,audio_features,7o2CTH4ctstm8TNelqjb51,spotify:track:7o2CTH4ctstm8TNelqjb51,https://api.spotify.com/v1/tracks/7o2CTH4ctstm8TNelqjb51,https://api.spotify.com/v1/audio-analysis/7o2CTH4ctstm8TNelqjb51,354520,4
0.496,0.739,6,-7.193,1,0.0415,0.0211,0.00444,0.106,0.378,132.41,audio_features,4JiEyzf0Md7KEFFGWDDdCr,spotify:track:4JiEyzf0Md7KEFFGWDDdCr,https://api.spotify.com/v1/tracks/4JiEyzf0Md7KEFFGWDDdCr,https://api.spotify.com/v1/audio-analysis/4JiEyzf0Md7KEFFGWDDdCr,336000,4
0.285,0.908,4,-4.601,0,0.0705,0.0318,0.00909,0.311,0.669,159.756,audio_features,4OROzZUy6gOWN4UGQVaZMF,spotify:track:4OROzZUy6gOWN4UGQVaZMF,https://api.spotify.com/v1/tracks/4OROzZUy6gOWN4UGQVaZMF,https://api.spotify.com/v1/audio-analysis/4OROzZUy6gOWN4UGQVaZMF,252733,4
0.525,0.504,4,-13.362,0,0.0264,7.92e-5,0.0114,0.104,0.465,96.056,audio_features,3rOAvCpQruEQFinyurdmmz,spotify:track:3rOAvCpQruEQFinyurdmmz,https://api.spotify.com/v1/tracks/3rOAvCpQruEQFinyurdmmz,https://api.spotify.com/v1/audio-analysis/3rOAvCpQruEQFinyurdmmz,191000,4
0.612,0.675,2,-10.39,1,0.0388,0.32,0.00093000000000000005,0.0861,0.803,148.336,audio_features,7uscfoAoI65JcSY4NyHg1t,spotify:track:7uscfoAoI65JcSY4NyHg1t,https://api.spotify.com/v1/tracks/7uscfoAoI65JcSY4NyHg1t,https://api.spotify.com/v1/audio-analysis/7uscfoAoI65JcSY4NyHg1t,237733,4
0.509,0.672,0,-7.343,1,0.0305,0.42,0,0.178,0.531,134.5,audio_features,5VMNUUiQ5FgS3wCTG8uy0F,spotify:track:5VMNUUiQ5FgS3wCTG8uy0F,https://api.spotify.com/v1/tracks/5VMNUUiQ5FgS3wCTG8uy0F,https://api.spotify.com/v1/audio-analysis/5VMNUUiQ5FgS3wCTG8uy0F,282867,4
0.253,0.659,9,-7.186,1,0.0521,0.36,0,0.324,0.348,170.895,audio_features,6kpMG24Ov1GM8sYlm3v0GR,spotify:track:6kpMG24Ov1GM8sYlm3v0GR,https://api.spotify.com/v1/tracks/6kpMG24Ov1GM8sYlm3v0GR,https://api.spotify.com/v1/audio-analysis/6kpMG24Ov1GM8sYlm3v0GR,240360,3
0.489,0.475,7,-9.565,1,0.0343,0.724,0,0.505,0.307,139.213,audio_features,4Bd8jSFBXHC1K7JAKW9Ojm,spotify:track:4Bd8jSFBXHC1K7JAKW9Ojm,https://api.spotify.com/v1/tracks/4Bd8jSFBXHC1K7JAKW9Ojm,https://api.spotify.com/v1/audio-analysis/4Bd8jSFBXHC1K7JAKW9Ojm,242733,3
0.588,0.957,3,-6.886,1,0.045,0.436,0.00129,0.958,0.884,135.154,audio_features,2BnJUYbPtL3yauZKmay0ko,spotify:track:2BnJUYbPtL3yauZKmay0ko,https://api.spotify.com/v1/tracks/2BnJUYbPtL3yauZKmay0ko,https://api.spotify.com/v1/audio-analysis/2BnJUYbPtL3yauZKmay0ko,249160,4
0.6,0.12,7,-12.805,1,0.0502,0.87,0,0.088,0.439,60.761,audio_features,6sKopGG4r21ObTE8V6pD6x,spotify:track:6sKopGG4r21ObTE8V6pD6x,https://api.spotify.com/v1/tracks/6sKopGG4r21ObTE8V6pD6x,https://api.spotify.com/v1/audio-analysis/6sKopGG4r21ObTE8V6pD6x,214693,3
0.498,0.801,2,-5.831,1,0.0449,0.543,0,0.0525,0.923,101.666,audio_features,7aQWuNqheTpisZfM0gP2oG,spotify:track:7aQWuNqheTpisZfM0gP2oG,https://api.spotify.com/v1/tracks/7aQWuNqheTpisZfM0gP2oG,https://api.spotify.com/v1/audio-analysis/7aQWuNqheTpisZfM0gP2oG,254200,4
0.491,0.498,2,-7.658,1,0.0821,0.302,0,0.0734,0.478,143.719,audio_features,2ZC8sdv4Kvuql7Q9T8Agzv,spotify:track:2ZC8sdv4Kvuql7Q9T8Agzv,https://api.spotify.com/v1/tracks/2ZC8sdv4Kvuql7Q9T8Agzv,https://api.spotify.com/v1/audio-analysis/2ZC8sdv4Kvuql7Q9T8Agzv,261600,3
0.654,0.393,3,-13.392,1,0.129,0.865,2.97e-6,0.123,0.533,143.801,audio_features,15ouqiBsgL12olEwP3COsH,spotify:track:15ouqiBsgL12olEwP3COsH,https://api.spotify.com/v1/tracks/15ouqiBsgL12olEwP3COsH,https://api.spotify.com/v1/audio-analysis/15ouqiBsgL12olEwP3COsH,214366,4
0.549,0.259,9,-17.532,1,0.0524,0.676,0,0.0797,0.541,95.093,audio_features,0BoCuzEjDEcULyknBHf3Ii,spotify:track:0BoCuzEjDEcULyknBHf3Ii,https://api.spotify.com/v1/tracks/0BoCuzEjDEcULyknBHf3Ii,https://api.spotify.com/v1/audio-analysis/0BoCuzEjDEcULyknBHf3Ii,280107,4
0.606,0.37,7,-6.164,1,0.0415,0.877,9.63e-5,0.08,0.47,121.849,audio_features,1rQ0viTAi8pxDy53iNvKNn,spotify:track:1rQ0viTAi8pxDy53iNvKNn,https://api.spotify.com/v1/tracks/1rQ0viTAi8pxDy53iNvKNn,https://api.spotify.com/v1/audio-analysis/1rQ0viTAi8pxDy53iNvKNn,155960,4
0.567,0.333,4,-17.687,1,0.0425,0.54,0,0.0736,0.53,107.895,audio_features,7oo3L1ZPEQSavDVSnlOvDa,spotify:track:7oo3L1ZPEQSavDVSnlOvDa,https://api.spotify.com/v1/tracks/7oo3L1ZPEQSavDVSnlOvDa,https://api.spotify.com/v1/audio-analysis/7oo3L1ZPEQSavDVSnlOvDa,258027,4
0.516,0.513,2,-10.762,1,0.0288,0.159,0.00957,0.0612,0.694,99.735,audio_features,6MOEQCtAWNSCmvg3SFKF5y,spotify:track:6MOEQCtAWNSCmvg3SFKF5y,https://api.spotify.com/v1/tracks/6MOEQCtAWNSCmvg3SFKF5y,https://api.spotify.com/v1/audio-analysis/6MOEQCtAWNSCmvg3SFKF5y,293933,4
0.755,0.876,0,-8.867,1,0.0362,0.357,5.17e-6,0.22,0.954,102.762,audio_features,6QhXQOpyYvbpdbyjgAqKdY,spotify:track:6QhXQOpyYvbpdbyjgAqKdY,https://api.spotify.com/v1/tracks/6QhXQOpyYvbpdbyjgAqKdY,https://api.spotify.com/v1/audio-analysis/6QhXQOpyYvbpdbyjgAqKdY,174827,4
0.525,0.216,6,-13.551,1,0.0301,0.837,0,0.107,0.328,106.761,audio_features,5y788ya4NvwhBznoDIcXwK,spotify:track:5y788ya4NvwhBznoDIcXwK,https://api.spotify.com/v1/tracks/5y788ya4NvwhBznoDIcXwK,https://api.spotify.com/v1/audio-analysis/5y788ya4NvwhBznoDIcXwK,185413,4
0.39,0.31,5,-14.545,1,0.0676,0.794,0,0.379,0.584,177.515,audio_features,3RkQ3UwOyPqpIiIvGVewuU,spotify:track:3RkQ3UwOyPqpIiIvGVewuU,https://api.spotify.com/v1/tracks/3RkQ3UwOyPqpIiIvGVewuU,https://api.spotify.com/v1/audio-analysis/3RkQ3UwOyPqpIiIvGVewuU,330533,4
0.509,0.827,0,-7.715,1,0.0782,0.0409,0,0.12,0.743,135.601,audio_features,1lqMLr9Wj7SM2F9AikGcxN,spotify:track:1lqMLr9Wj7SM2F9AikGcxN,https://api.spotify.com/v1/tracks/1lqMLr9Wj7SM2F9AikGcxN,https://api.spotify.com/v1/audio-analysis/1lqMLr9Wj7SM2F9AikGcxN,512733,4
0.38,0.0993,2,-20.567,1,0.0509,0.914,2.32e-5,0.0605,0.44,174.874,audio_features,18GiV1BaXzPVYpp9rmOg0E,spotify:track:18GiV1BaXzPVYpp9rmOg0E,https://api.spotify.com/v1/tracks/18GiV1BaXzPVYpp9rmOg0E,https://api.spotify.com/v1/audio-analysis/18GiV1BaXzPVYpp9rmOg0E,165427,4
0.482,0.721,0,-6.839,1,0.0321,0.731,0,0.189,0.557,95.263,audio_features,3AhXZa8sUQht0UEdBJgpGc,spotify:track:3AhXZa8sUQht0UEdBJgpGc,https://api.spotify.com/v1/tracks/3AhXZa8sUQht0UEdBJgpGc,https://api.spotify.com/v1/audio-analysis/3AhXZa8sUQht0UEdBJgpGc,369600,4
0.513,0.396,7,-13.061,1,0.0299,0.251,0.177,0.11,0.229,140.208,audio_features,6HSXNV0b4M4cLJ7ljgVVeh,spotify:track:6HSXNV0b4M4cLJ7ljgVVeh,https://api.spotify.com/v1/tracks/6HSXNV0b4M4cLJ7ljgVVeh,https://api.spotify.com/v1/audio-analysis/6HSXNV0b4M4cLJ7ljgVVeh,149880,4
0.49,0.715,7,-5.549,1,0.0476,0.386,0,0.311,0.866,130.726,audio_features,4pbG9SUmWIvsROVLF0zF9s,spotify:track:4pbG9SUmWIvsROVLF0zF9s,https://api.spotify.com/v1/tracks/4pbG9SUmWIvsROVLF0zF9s,https://api.spotify.com/v1/audio-analysis/4pbG9SUmWIvsROVLF0zF9s,145747,4
0.482,0.849,2,-9.198,1,0.0452,0.641,7.74e-6,0.0414,0.937,124.631,audio_features,5ZBeML7Lf3FMEVviTyvi8l,spotify:track:5ZBeML7Lf3FMEVviTyvi8l,https://api.spotify.com/v1/tracks/5ZBeML7Lf3FMEVviTyvi8l,https://api.spotify.com/v1/audio-analysis/5ZBeML7Lf3FMEVviTyvi8l,155227,4
0.656,0.849,4,-7.594,0,0.0556,0.177,5.94e-6,0.975,0.497,98.19,audio_features,3M8AMfVZ97l2FAPCiWDvoM,spotify:track:3M8AMfVZ97l2FAPCiWDvoM,https://api.spotify.com/v1/tracks/3M8AMfVZ97l2FAPCiWDvoM,https://api.spotify.com/v1/audio-analysis/3M8AMfVZ97l2FAPCiWDvoM,205800,4
0.568,0.7,6,-5.42,1,0.0258,0.0409,7.11e-6,0.0838,0.571,131.885,audio_features,5HDlh6UhT3AMQs935wE1qr,spotify:track:5HDlh6UhT3AMQs935wE1qr,https://api.spotify.com/v1/tracks/5HDlh6UhT3AMQs935wE1qr,https://api.spotify.com/v1/audio-analysis/5HDlh6UhT3AMQs935wE1qr,265040,4
0.531,0.916,9,-4.655,1,0.0403,0.0227,0,0.336,0.896,160.024,audio_features,0v1fLMHpMqsh6AiAGQ9Dam,spotify:track:0v1fLMHpMqsh6AiAGQ9Dam,https://api.spotify.com/v1/tracks/0v1fLMHpMqsh6AiAGQ9Dam,https://api.spotify.com/v1/audio-analysis/0v1fLMHpMqsh6AiAGQ9Dam,258680,4
0.655,0.903,7,-3.938,1,0.0306,0.143,1.2e-5,0.0553,0.624,101.93,audio_features,5rhijzoJmc7ZdnEgBS58Wh,spotify:track:5rhijzoJmc7ZdnEgBS58Wh,https://api.spotify.com/v1/tracks/5rhijzoJmc7ZdnEgBS58Wh,https://api.spotify.com/v1/audio-analysis/5rhijzoJmc7ZdnEgBS58Wh,318627,4
0.539,0.742,7,-5.333,1,0.0366,0.154,0,0.103,0.556,144.183,audio_features,1sClAsuPNqEaza29NcaJKP,spotify:track:1sClAsuPNqEaza29NcaJKP,https://api.spotify.com/v1/tracks/1sClAsuPNqEaza29NcaJKP,https://api.spotify.com/v1/audio-analysis/1sClAsuPNqEaza29NcaJKP,211360,4
0.604,0.638,5,-8.235,1,0.029,0.0564,0,0.965,0.784,125.867,audio_features,1TIvODlICRKM5uhbKbNFGA,spotify:track:1TIvODlICRKM5uhbKbNFGA,https://api.spotify.com/v1/tracks/1TIvODlICRKM5uhbKbNFGA,https://api.spotify.com/v1/audio-analysis/1TIvODlICRKM5uhbKbNFGA,224907,4
0.606,0.732,10,-10.8,0,0.0322,0.0945,6.65e-6,0.0841,0.727,132.111,audio_features,4s6qyTWg5r4EyOi2QIwM9g,spotify:track:4s6qyTWg5r4EyOi2QIwM9g,https://api.spotify.com/v1/tracks/4s6qyTWg5r4EyOi2QIwM9g,https://api.spotify.com/v1/audio-analysis/4s6qyTWg5r4EyOi2QIwM9g,245200,4
0.678,0.663,7,-7.726,1,0.0307,0.0874,0.0161,0.615,0.822,136.388,audio_features,4d0DpU7Odiv0ztvX2GxJlk,spotify:track:4d0DpU7Odiv0ztvX2GxJlk,https://api.spotify.com/v1/tracks/4d0DpU7Odiv0ztvX2GxJlk,https://api.spotify.com/v1/audio-analysis/4d0DpU7Odiv0ztvX2GxJlk,223400,4
0.673,0.921,0,-6.532,1,0.101,0.281,0,0.768,0.761,135.261,audio_features,2PIHTeccvbpmrSeYrlWkfx,spotify:track:2PIHTeccvbpmrSeYrlWkfx,https://api.spotify.com/v1/tracks/2PIHTeccvbpmrSeYrlWkfx,https://api.spotify.com/v1/audio-analysis/2PIHTeccvbpmrSeYrlWkfx,240799,4
0.485,0.386,2,-9.189,1,0.0388,0.837,0,0.207,0.354,91.615,audio_features,1EQ8sBQ7Abv9DvNBzhXAcv,spotify:track:1EQ8sBQ7Abv9DvNBzhXAcv,https://api.spotify.com/v1/tracks/1EQ8sBQ7Abv9DvNBzhXAcv,https://api.spotify.com/v1/audio-analysis/1EQ8sBQ7Abv9DvNBzhXAcv,343813,4
0.512,0.391,9,-10.4,1,0.0492,0.889,2.63e-6,0.714,0.277,138.094,audio_features,3g5FrnRdbmDQyWNiDIprts,spotify:track:3g5FrnRdbmDQyWNiDIprts,https://api.spotify.com/v1/tracks/3g5FrnRdbmDQyWNiDIprts,https://api.spotify.com/v1/audio-analysis/3g5FrnRdbmDQyWNiDIprts,233613,4
0.304,0.791,0,-4.995,1,0.0336,0.375,1.73e-5,0.725,0.385,86.255,audio_features,4CpwoEs39CydHJuTCl9kfm,spotify:track:4CpwoEs39CydHJuTCl9kfm,https://api.spotify.com/v1/tracks/4CpwoEs39CydHJuTCl9kfm,https://api.spotify.com/v1/audio-analysis/4CpwoEs39CydHJuTCl9kfm,251933,4
0.3,0.7,2,-6.567,1,0.036,0.53,0,0.186,0.398,165.642,audio_features,6HhXiy5XZ81Pyv3yCZMtj1,spotify:track:6HhXiy5XZ81Pyv3yCZMtj1,https://api.spotify.com/v1/tracks/6HhXiy5XZ81Pyv3yCZMtj1,https://api.spotify.com/v1/audio-analysis/6HhXiy5XZ81Pyv3yCZMtj1,246493,4
0.383,0.697,4,-7.059,1,0.0494,0.598,0,0.364,0.226,130.699,audio_features,4gqxE2PMdk6HvZKEqsQ8YE,spotify:track:4gqxE2PMdk6HvZKEqsQ8YE,https://api.spotify.com/v1/tracks/4gqxE2PMdk6HvZKEqsQ8YE,https://api.spotify.com/v1/audio-analysis/4gqxE2PMdk6HvZKEqsQ8YE,215253,4
0.67,0.847,9,-6.544,0,0.0881,0.164,0,0.113,0.589,124.017,audio_features,2EjGS0YJPaf3C4TCmJddGL,spotify:track:2EjGS0YJPaf3C4TCmJddGL,https://api.spotify.com/v1/tracks/2EjGS0YJPaf3C4TCmJddGL,https://api.spotify.com/v1/audio-analysis/2EjGS0YJPaf3C4TCmJddGL,203226,4
0.564,0.856,7,-4.994,1,0.0363,0.215,0,0.337,0.726,120.528,audio_features,0YtD2P3M3d56pv0OkNpsHl,spotify:track:0YtD2P3M3d56pv0OkNpsHl,https://api.spotify.com/v1/tracks/0YtD2P3M3d56pv0OkNpsHl,https://api.spotify.com/v1/audio-analysis/0YtD2P3M3d56pv0OkNpsHl,214627,4
0.686,0.663,3,-11.804,1,0.0473,0.395,5.39e-5,0.0506,0.96,82.052,audio_features,1oar565TIGGsQXjAMoCJdK,spotify:track:1oar565TIGGsQXjAMoCJdK,https://api.spotify.com/v1/tracks/1oar565TIGGsQXjAMoCJdK,https://api.spotify.com/v1/audio-analysis/1oar565TIGGsQXjAMoCJdK,183907,4
0.69,0.818,7,-4.465,1,0.0394,0.0339,6.44e-5,0.134,0.523,90.071,audio_features,1qHL7rYl0iqGC2E8fxA8IW,spotify:track:1qHL7rYl0iqGC2E8fxA8IW,https://api.spotify.com/v1/tracks/1qHL7rYl0iqGC2E8fxA8IW,https://api.spotify.com/v1/audio-analysis/1qHL7rYl0iqGC2E8fxA8IW,239467,4
0.791,0.836,11,-5.083,1,0.039,0.161,3.17e-6,0.101,0.975,98.01,audio_features,5aXZQCUn2AyK6pRYJTIsEL,spotify:track:5aXZQCUn2AyK6pRYJTIsEL,https://api.spotify.com/v1/tracks/5aXZQCUn2AyK6pRYJTIsEL,https://api.spotify.com/v1/audio-analysis/5aXZQCUn2AyK6pRYJTIsEL,211707,4
0.628,0.762,11,-6.017,0,0.0264,0.00581,6.84e-5,0.39,0.247,110.01,audio_features,6ufP2MQuUZ2s3PFXVGE6Bd,spotify:track:6ufP2MQuUZ2s3PFXVGE6Bd,https://api.spotify.com/v1/tracks/6ufP2MQuUZ2s3PFXVGE6Bd,https://api.spotify.com/v1/audio-analysis/6ufP2MQuUZ2s3PFXVGE6Bd,301467,4
0.544,0.67,2,-7.694,1,0.0283,0.142,7.65e-6,0.742,0.24,119.946,audio_features,2IcsM3hXMRpN6ZGEvwdqxU,spotify:track:2IcsM3hXMRpN6ZGEvwdqxU,https://api.spotify.com/v1/tracks/2IcsM3hXMRpN6ZGEvwdqxU,https://api.spotify.com/v1/audio-analysis/2IcsM3hXMRpN6ZGEvwdqxU,244267,4
0.693,0.761,11,-6.71,0,0.0265,0.0496,3.11e-6,0.0928,0.718,122.002,audio_features,2wtnWkmyE2ivwmDyVfJ8N5,spotify:track:2wtnWkmyE2ivwmDyVfJ8N5,https://api.spotify.com/v1/tracks/2wtnWkmyE2ivwmDyVfJ8N5,https://api.spotify.com/v1/audio-analysis/2wtnWkmyE2ivwmDyVfJ8N5,313107,4
0.823,0.476,0,-11.519,1,0.213,0.021,4.19e-6,0.06,0.956,148.29,audio_features,4vylvWmzkARLasyWiAMo2I,spotify:track:4vylvWmzkARLasyWiAMo2I,https://api.spotify.com/v1/tracks/4vylvWmzkARLasyWiAMo2I,https://api.spotify.com/v1/audio-analysis/4vylvWmzkARLasyWiAMo2I,250267,4
0.86,0.769,0,-5.087,1,0.0342,0.00396,1.14e-4,0.113,0.808,130.108,audio_features,7DoBn08dqKS9MmtZiZChVD,spotify:track:7DoBn08dqKS9MmtZiZChVD,https://api.spotify.com/v1/tracks/7DoBn08dqKS9MmtZiZChVD,https://api.spotify.com/v1/audio-analysis/7DoBn08dqKS9MmtZiZChVD,317400,4
0.6,0.751,6,-5.66,0,0.0358,0.191,0,0.0846,0.73,135.989,audio_features,7dxK6RSoCWZcb5gobxs1h9,spotify:track:7dxK6RSoCWZcb5gobxs1h9,https://api.spotify.com/v1/tracks/7dxK6RSoCWZcb5gobxs1h9,https://api.spotify.com/v1/audio-analysis/7dxK6RSoCWZcb5gobxs1h9,240133,4
0.587,0.632,6,-7.254,1,0.0241,0.745,2.88e-5,0.0624,0.459,100.002,audio_features,4pG8lbKPKkfGSniMXxZTM7,spotify:track:4pG8lbKPKkfGSniMXxZTM7,https://api.spotify.com/v1/tracks/4pG8lbKPKkfGSniMXxZTM7,https://api.spotify.com/v1/audio-analysis/4pG8lbKPKkfGSniMXxZTM7,242507,4
0.762,0.742,9,-6.778,1,0.0283,0.0879,0.0197,0.1,0.91,104.339,audio_features,7pn5QXr2LTeGsgHyCaJxDo,spotify:track:7pn5QXr2LTeGsgHyCaJxDo,https://api.spotify.com/v1/tracks/7pn5QXr2LTeGsgHyCaJxDo,https://api.spotify.com/v1/audio-analysis/7pn5QXr2LTeGsgHyCaJxDo,208627,4
0.716,0.596,11,-8.503,1,0.0255,0.128,0.00484,0.0966,0.487,113.278,audio_features,3uezVXXzZZUCjqPRC9JA6u,spotify:track:3uezVXXzZZUCjqPRC9JA6u,https://api.spotify.com/v1/tracks/3uezVXXzZZUCjqPRC9JA6u,https://api.spotify.com/v1/audio-analysis/3uezVXXzZZUCjqPRC9JA6u,189533,4
0.6,0.537,0,-7.972,1,0.0273,0.509,0.303,0.101,0.316,78.049,audio_features,0NFVg74sSsdU1gNc9xfpIO,spotify:track:0NFVg74sSsdU1gNc9xfpIO,https://api.spotify.com/v1/tracks/0NFVg74sSsdU1gNc9xfpIO,https://api.spotify.com/v1/audio-analysis/0NFVg74sSsdU1gNc9xfpIO,257333,4
0.61,0.802,2,-6.334,1,0.028,5.01e-4,6.29e-5,0.323,0.645,117.184,audio_features,4AwNUVU4h3QmUMHIbzurRa,spotify:track:4AwNUVU4h3QmUMHIbzurRa,https://api.spotify.com/v1/tracks/4AwNUVU4h3QmUMHIbzurRa,https://api.spotify.com/v1/audio-analysis/4AwNUVU4h3QmUMHIbzurRa,197080,4
0.667,0.937,0,-4.204,1,0.0285,0.129,0,0.777,0.933,132.778,audio_features,2xckrIKkbwKNIQvnhZ56bR,spotify:track:2xckrIKkbwKNIQvnhZ56bR,https://api.spotify.com/v1/tracks/2xckrIKkbwKNIQvnhZ56bR,https://api.spotify.com/v1/audio-analysis/2xckrIKkbwKNIQvnhZ56bR,232907,4
0.488,0.862,0,-7.595,1,0.0476,0.0204,0,0.359,0.706,104.56,audio_features,1FkoVC85Ds3mFoK0fVqEqP,spotify:track:1FkoVC85Ds3mFoK0fVqEqP,https://api.spotify.com/v1/tracks/1FkoVC85Ds3mFoK0fVqEqP,https://api.spotify.com/v1/audio-analysis/1FkoVC85Ds3mFoK0fVqEqP,257827,4
0.592,0.767,9,-2.788,0,0.027,0.0021,0.00165,0.127,0.328,96.483,audio_features,48UPSzbZjgc449aqz8bxox,spotify:track:48UPSzbZjgc449aqz8bxox,https://api.spotify.com/v1/tracks/48UPSzbZjgc449aqz8bxox,https://api.spotify.com/v1/audio-analysis/48UPSzbZjgc449aqz8bxox,329733,4
0.555,0.757,1,-7.868,0,0.0601,0.103,1.16e-6,0.0631,0.582,129.607,audio_features,5dRQUolXAVX3BbCiIxmSsf,spotify:track:5dRQUolXAVX3BbCiIxmSsf,https://api.spotify.com/v1/tracks/5dRQUolXAVX3BbCiIxmSsf,https://api.spotify.com/v1/audio-analysis/5dRQUolXAVX3BbCiIxmSsf,221840,4
0.502,0.912,1,-4.556,1,0.0564,2.55e-5,1.73e-4,0.106,0.72,116.761,audio_features,4CeeEOM32jQcH3eN9Q2dGj,spotify:track:4CeeEOM32jQcH3eN9Q2dGj,https://api.spotify.com/v1/tracks/4CeeEOM32jQcH3eN9Q2dGj,https://api.spotify.com/v1/audio-analysis/4CeeEOM32jQcH3eN9Q2dGj,301920,4
0.455,0.502,4,-7.539,1,0.0493,0.699,1.56e-4,0.094,0.674,163.347,audio_features,40XeGNGFchGYw7y0ue1GiG,spotify:track:40XeGNGFchGYw7y0ue1GiG,https://api.spotify.com/v1/tracks/40XeGNGFchGYw7y0ue1GiG,https://api.spotify.com/v1/audio-analysis/40XeGNGFchGYw7y0ue1GiG,209453,4
0.464,0.612,9,-12.019,1,0.0591,0.116,0.00559,0.171,0.496,91.499,audio_features,0W35nxtHtFlseSojmygEsf,spotify:track:0W35nxtHtFlseSojmygEsf,https://api.spotify.com/v1/tracks/0W35nxtHtFlseSojmygEsf,https://api.spotify.com/v1/audio-analysis/0W35nxtHtFlseSojmygEsf,474400,4
0.332,0.769,9,-11.503,1,0.0765,0.00367,0.00413,0.0372,0.525,157.378,audio_features,0TI8TP4FitVPoEHPTySx48,spotify:track:0TI8TP4FitVPoEHPTySx48,https://api.spotify.com/v1/tracks/0TI8TP4FitVPoEHPTySx48,https://api.spotify.com/v1/audio-analysis/0TI8TP4FitVPoEHPTySx48,354774,4
0.621,0.524,0,-15.269,1,0.0803,0.0652,0.00199,0.893,0.889,110.586,audio_features,2fDHuS1PTkHBbCWWZF1ph9,spotify:track:2fDHuS1PTkHBbCWWZF1ph9,https://api.spotify.com/v1/tracks/2fDHuS1PTkHBbCWWZF1ph9,https://api.spotify.com/v1/audio-analysis/2fDHuS1PTkHBbCWWZF1ph9,162653,4
0.534,0.392,9,-7.636,0,0.0267,0.649,2.27e-4,0.0948,0.163,90.379,audio_features,28cnXtME493VX9NOw9cIUh,spotify:track:28cnXtME493VX9NOw9cIUh,https://api.spotify.com/v1/tracks/28cnXtME493VX9NOw9cIUh,https://api.spotify.com/v1/audio-analysis/28cnXtME493VX9NOw9cIUh,216533,4
0.476,0.556,4,-10.586,0,0.0646,0.0838,1.59e-5,0.125,0.43,103.122,audio_features,62oNfnQqObaqARM0DTibAL,spotify:track:62oNfnQqObaqARM0DTibAL,https://api.spotify.com/v1/tracks/62oNfnQqObaqARM0DTibAL,https://api.spotify.com/v1/audio-analysis/62oNfnQqObaqARM0DTibAL,364493,4
0.429,0.631,4,-11.514,0,0.0769,7.85e-5,0.00411,0.175,0.376,162.734,audio_features,1jzDzZWeSDBg5fhNc3tczV,spotify:track:1jzDzZWeSDBg5fhNc3tczV,https://api.spotify.com/v1/tracks/1jzDzZWeSDBg5fhNc3tczV,https://api.spotify.com/v1/audio-analysis/1jzDzZWeSDBg5fhNc3tczV,168440,4
0.374,0.918,5,-4.026,1,0.0405,7.26e-4,0.0022,0.103,0.592,124.355,audio_features,07a1J2uRD2t472wexsazmo,spotify:track:07a1J2uRD2t472wexsazmo,https://api.spotify.com/v1/tracks/07a1J2uRD2t472wexsazmo,https://api.spotify.com/v1/audio-analysis/07a1J2uRD2t472wexsazmo,352987,4
0.567,0.179,9,-12.89,0,0.0456,0.785,0,0.111,0.2,103.667,audio_features,5iM1d3XfIwIYJMjUJhrce3,spotify:track:5iM1d3XfIwIYJMjUJhrce3,https://api.spotify.com/v1/tracks/5iM1d3XfIwIYJMjUJhrce3,https://api.spotify.com/v1/audio-analysis/5iM1d3XfIwIYJMjUJhrce3,305067,3
0.349,0.419,2,-8.538,1,0.0511,0.799,0,0.0675,0.346,174.374,audio_features,7adPN1ZcvpByMsQaZiVNqo,spotify:track:7adPN1ZcvpByMsQaZiVNqo,https://api.spotify.com/v1/tracks/7adPN1ZcvpByMsQaZiVNqo,https://api.spotify.com/v1/audio-analysis/7adPN1ZcvpByMsQaZiVNqo,299095,4
0.422,0.138,7,-18.859,1,0.0634,0.973,0.0356,0.7,0.328,82.631,audio_features,3YbnOI0laocMLOQ4FEfXFl,spotify:track:3YbnOI0laocMLOQ4FEfXFl,https://api.spotify.com/v1/tracks/3YbnOI0laocMLOQ4FEfXFl,https://api.spotify.com/v1/audio-analysis/3YbnOI0laocMLOQ4FEfXFl,227108,4
0.617,0.0457,0,-26.401,1,0.0344,0.937,0.641,0.0991,0.0967,99.48,audio_features,0gbhJ9VIFskEEHYkDyX4X1,spotify:track:0gbhJ9VIFskEEHYkDyX4X1,https://api.spotify.com/v1/tracks/0gbhJ9VIFskEEHYkDyX4X1,https://api.spotify.com/v1/audio-analysis/0gbhJ9VIFskEEHYkDyX4X1,192146,4
0.308,0.866,2,-5.671,0,0.059,7.39e-4,0.00141,0.232,0.227,109.825,audio_features,6p8eFfPw3nQkf37aT3AkmK,spotify:track:6p8eFfPw3nQkf37aT3AkmK,https://api.spotify.com/v1/tracks/6p8eFfPw3nQkf37aT3AkmK,https://api.spotify.com/v1/audio-analysis/6p8eFfPw3nQkf37aT3AkmK,438120,4
0.57,0.848,5,-8.234,1,0.0365,0.0741,2.78e-4,0.698,0.632,89.169,audio_features,5Kayf37CYgsWqgkWMTHZPu,spotify:track:5Kayf37CYgsWqgkWMTHZPu,https://api.spotify.com/v1/tracks/5Kayf37CYgsWqgkWMTHZPu,https://api.spotify.com/v1/audio-analysis/5Kayf37CYgsWqgkWMTHZPu,296773,4
0.784,0.305,9,-13.244,1,0.0687,0.0284,6.27e-5,0.103,0.777,125.276,audio_features,59IO6bLQIcRlgcSNgKHxDV,spotify:track:59IO6bLQIcRlgcSNgKHxDV,https://api.spotify.com/v1/tracks/59IO6bLQIcRlgcSNgKHxDV,https://api.spotify.com/v1/audio-analysis/59IO6bLQIcRlgcSNgKHxDV,164800,4
0.501,0.691,9,-11.807,1,0.0319,9.03e-4,2.23e-5,0.101,0.942,144.417,audio_features,2oAkehvjylOAggGLPeVXYa,spotify:track:2oAkehvjylOAggGLPeVXYa,https://api.spotify.com/v1/tracks/2oAkehvjylOAggGLPeVXYa,https://api.spotify.com/v1/audio-analysis/2oAkehvjylOAggGLPeVXYa,207600,4
0.842,0.753,11,-7.983,0,0.0703,0.21,7.41e-4,0.0577,0.827,116.127,audio_features,2PRfyZn7ikN2xtowqUIJ9M,spotify:track:2PRfyZn7ikN2xtowqUIJ9M,https://api.spotify.com/v1/tracks/2PRfyZn7ikN2xtowqUIJ9M,https://api.spotify.com/v1/audio-analysis/2PRfyZn7ikN2xtowqUIJ9M,235667,4
0.586,0.858,0,-12.67,1,0.0493,0.00527,2.44e-4,0.0826,0.812,144.632,audio_features,2yruHlh8qTlfVWPeN7HLfz,spotify:track:2yruHlh8qTlfVWPeN7HLfz,https://api.spotify.com/v1/tracks/2yruHlh8qTlfVWPeN7HLfz,https://api.spotify.com/v1/audio-analysis/2yruHlh8qTlfVWPeN7HLfz,195173,4
0.627,0.804,9,-11.551,1,0.0312,0.0124,0,0.316,0.851,99.693,audio_features,36MTiIMLW5v70S5cZIWRm3,spotify:track:36MTiIMLW5v70S5cZIWRm3,https://api.spotify.com/v1/tracks/36MTiIMLW5v70S5cZIWRm3,https://api.spotify.com/v1/audio-analysis/36MTiIMLW5v70S5cZIWRm3,128933,4
0.698,0.745,4,-11.976,1,0.0329,0.0367,0.368,0.0748,0.854,135.699,audio_features,43JNWKZF38EUl5Z4xQNdlD,spotify:track:43JNWKZF38EUl5Z4xQNdlD,https://api.spotify.com/v1/tracks/43JNWKZF38EUl5Z4xQNdlD,https://api.spotify.com/v1/audio-analysis/43JNWKZF38EUl5Z4xQNdlD,183867,4
0.618,0.81,1,-9.545,0,0.121,0.124,1.57e-6,0.0731,0.904,162.986,audio_features,3iSmEacr24vUxitXq3e6cN,spotify:track:3iSmEacr24vUxitXq3e6cN,https://api.spotify.com/v1/tracks/3iSmEacr24vUxitXq3e6cN,https://api.spotify.com/v1/audio-analysis/3iSmEacr24vUxitXq3e6cN,223800,4
0.519,0.747,2,-5.412,1,0.0265,0.141,1.43e-6,0.161,0.751,89.13,audio_features,0t6WbXD9u6rnXseu9YcWqk,spotify:track:0t6WbXD9u6rnXseu9YcWqk,https://api.spotify.com/v1/tracks/0t6WbXD9u6rnXseu9YcWqk,https://api.spotify.com/v1/audio-analysis/0t6WbXD9u6rnXseu9YcWqk,251027,4
0.416,0.399,10,-7.579,1,0.0321,0.307,3.27e-4,0.105,0.468,163.134,audio_features,14KOeXXATG254aCQ6vbDwQ,spotify:track:14KOeXXATG254aCQ6vbDwQ,https://api.spotify.com/v1/tracks/14KOeXXATG254aCQ6vbDwQ,https://api.spotify.com/v1/audio-analysis/14KOeXXATG254aCQ6vbDwQ,221733,4
0.619,0.809,9,-7.782,0,0.029,0.294,6.65e-6,0.0378,0.937,146.627,audio_features,3CLYqhN4ZmilUp1OFxzWDM,spotify:track:3CLYqhN4ZmilUp1OFxzWDM,https://api.spotify.com/v1/tracks/3CLYqhN4ZmilUp1OFxzWDM,https://api.spotify.com/v1/audio-analysis/3CLYqhN4ZmilUp1OFxzWDM,176560,4
0.723,0.611,7,-7.006,1,0.0303,0.481,1.44e-5,0.11,0.261,111.813,audio_features,35J9vakuC3f18QTolNAQ6E,spotify:track:35J9vakuC3f18QTolNAQ6E,https://api.spotify.com/v1/tracks/35J9vakuC3f18QTolNAQ6E,https://api.spotify.com/v1/audio-analysis/35J9vakuC3f18QTolNAQ6E,175373,4
0.502,0.967,7,-4.14,1,0.0801,0.0122,8.22e-6,0.342,0.466,131.939,audio_features,624ra5mDiibqvFYDK4yhmo,spotify:track:624ra5mDiibqvFYDK4yhmo,https://api.spotify.com/v1/tracks/624ra5mDiibqvFYDK4yhmo,https://api.spotify.com/v1/audio-analysis/624ra5mDiibqvFYDK4yhmo,213333,4
0.643,0.501,11,-7.981,0,0.0424,0.117,0.0463,0.239,0.394,94.514,audio_features,7xpDGoUGbtaquk5xMvzwTh,spotify:track:7xpDGoUGbtaquk5xMvzwTh,https://api.spotify.com/v1/tracks/7xpDGoUGbtaquk5xMvzwTh,https://api.spotify.com/v1/audio-analysis/7xpDGoUGbtaquk5xMvzwTh,266080,4
0.427,0.817,3,-5.196,1,0.0385,0.0445,1.67e-5,0.0801,0.458,148.234,audio_features,0aASUtDb1N96NJDwmWj5Gf,spotify:track:0aASUtDb1N96NJDwmWj5Gf,https://api.spotify.com/v1/tracks/0aASUtDb1N96NJDwmWj5Gf,https://api.spotify.com/v1/audio-analysis/0aASUtDb1N96NJDwmWj5Gf,212200,4
0.701,0.815,2,-5.157,0,0.0458,0.232,0.0136,0.216,0.826,91.017,audio_features,4pPoRiMLWhLtwMaKdu5U5v,spotify:track:4pPoRiMLWhLtwMaKdu5U5v,https://api.spotify.com/v1/tracks/4pPoRiMLWhLtwMaKdu5U5v,https://api.spotify.com/v1/audio-analysis/4pPoRiMLWhLtwMaKdu5U5v,217903,4
0.442,0.616,6,-8.128,0,0.0353,0.457,1.68e-4,0.144,0.565,113.02,audio_features,1mSxbLW7fKABfeY4lGpg0E,spotify:track:1mSxbLW7fKABfeY4lGpg0E,https://api.spotify.com/v1/tracks/1mSxbLW7fKABfeY4lGpg0E,https://api.spotify.com/v1/audio-analysis/1mSxbLW7fKABfeY4lGpg0E,250440,4
0.568,0.574,4,-8.993,0,0.0683,0.468,0,0.362,0.68,107.821,audio_features,2GAFZG9Z7UGS1iMm4Idrnr,spotify:track:2GAFZG9Z7UGS1iMm4Idrnr,https://api.spotify.com/v1/tracks/2GAFZG9Z7UGS1iMm4Idrnr,https://api.spotify.com/v1/audio-analysis/2GAFZG9Z7UGS1iMm4Idrnr,235547,4
0.825,0.574,2,-6.383,0,0.0485,0.665,4.94e-6,0.0751,0.824,119.999,audio_features,7xVSNhAUQhUIpwfR6lTOwA,spotify:track:7xVSNhAUQhUIpwfR6lTOwA,https://api.spotify.com/v1/tracks/7xVSNhAUQhUIpwfR6lTOwA,https://api.spotify.com/v1/audio-analysis/7xVSNhAUQhUIpwfR6lTOwA,186698,4
0.58,0.8,6,-7.528,1,0.345,0.281,0,0.0708,0.483,81.303,audio_features,4Ds4bq6aqOSAp1T7DikOi4,spotify:track:4Ds4bq6aqOSAp1T7DikOi4,https://api.spotify.com/v1/tracks/4Ds4bq6aqOSAp1T7DikOi4,https://api.spotify.com/v1/audio-analysis/4Ds4bq6aqOSAp1T7DikOi4,318360,4
0.477,0.835,7,-5.248,0,0.0533,0.38,8.3e-6,0.062,0.778,89.855,audio_features,127twwy3iCo1xBRQHyWetU,spotify:track:127twwy3iCo1xBRQHyWetU,https://api.spotify.com/v1/tracks/127twwy3iCo1xBRQHyWetU,https://api.spotify.com/v1/audio-analysis/127twwy3iCo1xBRQHyWetU,168373,4
0.797,0.797,6,-4.945,1,0.205,0.0886,0,0.337,0.949,95.006,audio_features,2OA4YzlN5FWUXcfRit9nmU,spotify:track:2OA4YzlN5FWUXcfRit9nmU,https://api.spotify.com/v1/tracks/2OA4YzlN5FWUXcfRit9nmU,https://api.spotify.com/v1/audio-analysis/2OA4YzlN5FWUXcfRit9nmU,205680,4
0.545,0.493,2,-12.413,0,0.0594,0.856,0.499,0.142,0.701,77.05,audio_features,5AKrqJ7RiOCfCaaCuxxGk0,spotify:track:5AKrqJ7RiOCfCaaCuxxGk0,https://api.spotify.com/v1/tracks/5AKrqJ7RiOCfCaaCuxxGk0,https://api.spotify.com/v1/audio-analysis/5AKrqJ7RiOCfCaaCuxxGk0,178507,4
0.717,0.744,2,-5.926,1,0.139,0.165,0.00215,0.0865,0.612,95.617,audio_features,1qnHPZMREmCOdGXBL8OOr3,spotify:track:1qnHPZMREmCOdGXBL8OOr3,https://api.spotify.com/v1/tracks/1qnHPZMREmCOdGXBL8OOr3,https://api.spotify.com/v1/audio-analysis/1qnHPZMREmCOdGXBL8OOr3,244400,4
0.644,0.404,0,-12.54,1,0.0348,0.159,2.91e-4,0.167,0.689,105.062,audio_features,7CdDIvw3jvjNaIs5m3mM4A,spotify:track:7CdDIvw3jvjNaIs5m3mM4A,https://api.spotify.com/v1/tracks/7CdDIvw3jvjNaIs5m3mM4A,https://api.spotify.com/v1/audio-analysis/7CdDIvw3jvjNaIs5m3mM4A,268760,4
0.432,0.341,9,-10.187,0,0.0734,0.752,0,0.711,0.248,71.92,audio_features,41feqFyHhQyspSenai9S9N,spotify:track:41feqFyHhQyspSenai9S9N,https://api.spotify.com/v1/tracks/41feqFyHhQyspSenai9S9N,https://api.spotify.com/v1/audio-analysis/41feqFyHhQyspSenai9S9N,325320,4
0.587,0.703,6,-5.789,0,0.0556,0.556,0,0.596,0.725,136.704,audio_features,7pdCDKs0i05N8ag4tAC5u5,spotify:track:7pdCDKs0i05N8ag4tAC5u5,https://api.spotify.com/v1/tracks/7pdCDKs0i05N8ag4tAC5u5,https://api.spotify.com/v1/audio-analysis/7pdCDKs0i05N8ag4tAC5u5,186933,4
0.33,0.862,7,-3.404,1,0.117,0.0924,2.04e-6,0.173,0.387,114.051,audio_features,0Dmnb3C3GaGdyjlyWaWLDr,spotify:track:0Dmnb3C3GaGdyjlyWaWLDr,https://api.spotify.com/v1/tracks/0Dmnb3C3GaGdyjlyWaWLDr,https://api.spotify.com/v1/audio-analysis/0Dmnb3C3GaGdyjlyWaWLDr,220453,4
0.8,0.234,0,-12.292,0,0.138,0.537,9.67e-6,0.339,0.757,115.936,audio_features,7cEfPAbju7glmdAgT4e1AU,spotify:track:7cEfPAbju7glmdAgT4e1AU,https://api.spotify.com/v1/tracks/7cEfPAbju7glmdAgT4e1AU,https://api.spotify.com/v1/audio-analysis/7cEfPAbju7glmdAgT4e1AU,139933,4
0.388,0.458,4,-5.485,1,0.0336,0.54,2.27e-6,0.116,0.253,148.804,audio_features,0Gj6ROsip9fKX9BTKSyVu6,spotify:track:0Gj6ROsip9fKX9BTKSyVu6,https://api.spotify.com/v1/tracks/0Gj6ROsip9fKX9BTKSyVu6,https://api.spotify.com/v1/audio-analysis/0Gj6ROsip9fKX9BTKSyVu6,240707,4
0.406,0.219,7,-13.155,1,0.0359,0.808,0.599,0.15,0.271,105.345,audio_features,7ExawMDcRz2lMgNEjjYzdr,spotify:track:7ExawMDcRz2lMgNEjjYzdr,https://api.spotify.com/v1/tracks/7ExawMDcRz2lMgNEjjYzdr,https://api.spotify.com/v1/audio-analysis/7ExawMDcRz2lMgNEjjYzdr,134027,4
0.445,0.436,0,-8.536,1,0.0332,0.58,2.63e-5,0.112,0.483,139.848,audio_features,4qsVPnhbvEooD1bSNqvvh0,spotify:track:4qsVPnhbvEooD1bSNqvvh0,https://api.spotify.com/v1/tracks/4qsVPnhbvEooD1bSNqvvh0,https://api.spotify.com/v1/audio-analysis/4qsVPnhbvEooD1bSNqvvh0,230440,4
0.743,0.836,2,-6.465,1,0.116,0.0804,0,0.384,0.82,113.375,audio_features,39shmbIHICJ2Wxnk1fPSdz,spotify:track:39shmbIHICJ2Wxnk1fPSdz,https://api.spotify.com/v1/tracks/39shmbIHICJ2Wxnk1fPSdz,https://api.spotify.com/v1/audio-analysis/39shmbIHICJ2Wxnk1fPSdz,188987,4
0.65,0.306,9,-9.443,1,0.0393,0.57,7.07e-6,0.0707,0.605,118.068,audio_features,3SdTKo2uVsxFblQjpScoHy,spotify:track:3SdTKo2uVsxFblQjpScoHy,https://api.spotify.com/v1/tracks/3SdTKo2uVsxFblQjpScoHy,https://api.spotify.com/v1/audio-analysis/3SdTKo2uVsxFblQjpScoHy,180056,4
0.569,0.907,4,-5.619,0,0.31,0.602,4.35e-5,0.862,0.562,94.346,audio_features,7bLMLwx6gJrCXoppD2YqOu,spotify:track:7bLMLwx6gJrCXoppD2YqOu,https://api.spotify.com/v1/tracks/7bLMLwx6gJrCXoppD2YqOu,https://api.spotify.com/v1/audio-analysis/7bLMLwx6gJrCXoppD2YqOu,211280,4
0.718,0.743,1,-8.014,1,0.281,0.334,0,0.604,0.845,144.343,audio_features,6YWEeup1WUa8KQdnUmptbV,spotify:track:6YWEeup1WUa8KQdnUmptbV,https://api.spotify.com/v1/tracks/6YWEeup1WUa8KQdnUmptbV,https://api.spotify.com/v1/audio-analysis/6YWEeup1WUa8KQdnUmptbV,198559,4
0.695,0.543,9,-9.222,0,0.212,0.314,1.37e-6,0.239,0.725,82.802,audio_features,5yqbISO0lUFwY3wdrLgiR0,spotify:track:5yqbISO0lUFwY3wdrLgiR0,https://api.spotify.com/v1/tracks/5yqbISO0lUFwY3wdrLgiR0,https://api.spotify.com/v1/audio-analysis/5yqbISO0lUFwY3wdrLgiR0,197747,4
0.525,0.284,3,-15.206,0,0.0472,0.353,0.0997,0.127,0.306,114.195,audio_features,78lTDfRCqtxSvByIRMiXF2,spotify:track:78lTDfRCqtxSvByIRMiXF2,https://api.spotify.com/v1/tracks/78lTDfRCqtxSvByIRMiXF2,https://api.spotify.com/v1/audio-analysis/78lTDfRCqtxSvByIRMiXF2,361360,3
0.85,0.461,4,-7.641,0,0.0399,0.71,0,0.165,0.663,104.917,audio_features,4vcR50WHWkUu9GJm29DqCt,spotify:track:4vcR50WHWkUu9GJm29DqCt,https://api.spotify.com/v1/tracks/4vcR50WHWkUu9GJm29DqCt,https://api.spotify.com/v1/audio-analysis/4vcR50WHWkUu9GJm29DqCt,204747,4
0.517,0.41,2,-10.802,1,0.207,0.797,0,0.124,0.501,80.135,audio_features,0mFw06CCJKlAUEK1gf3O0m,spotify:track:0mFw06CCJKlAUEK1gf3O0m,https://api.spotify.com/v1/tracks/0mFw06CCJKlAUEK1gf3O0m,https://api.spotify.com/v1/audio-analysis/0mFw06CCJKlAUEK1gf3O0m,229467,4
0.702,0.467,0,-8.42,0,0.0442,0.739,0,0.112,0.685,107.996,audio_features,38Bj0Csz52m6A4DXB568zx,spotify:track:38Bj0Csz52m6A4DXB568zx,https://api.spotify.com/v1/tracks/38Bj0Csz52m6A4DXB568zx,https://api.spotify.com/v1/audio-analysis/38Bj0Csz52m6A4DXB568zx,156920,4
0.415,0.956,9,-2.423,1,0.258,0.194,0,0.494,0.734,135.172,audio_features,7nJuEpX0qlpKXxUK0ioIMj,spotify:track:7nJuEpX0qlpKXxUK0ioIMj,https://api.spotify.com/v1/tracks/7nJuEpX0qlpKXxUK0ioIMj,https://api.spotify.com/v1/audio-analysis/7nJuEpX0qlpKXxUK0ioIMj,288600,4
0.498,0.587,2,-8.324,1,0.0304,0.372,0,0.179,0.597,135.913,audio_features,2Yk0HvfTaijA47aM0Fj88u,spotify:track:2Yk0HvfTaijA47aM0Fj88u,https://api.spotify.com/v1/tracks/2Yk0HvfTaijA47aM0Fj88u,https://api.spotify.com/v1/audio-analysis/2Yk0HvfTaijA47aM0Fj88u,231240,4
0.44,0.416,5,-9.925,1,0.0449,0.881,0.0568,0.347,0.34,129.005,audio_features,1ChLaVIFBoHv3V99lqIysK,spotify:track:1ChLaVIFBoHv3V99lqIysK,https://api.spotify.com/v1/tracks/1ChLaVIFBoHv3V99lqIysK,https://api.spotify.com/v1/audio-analysis/1ChLaVIFBoHv3V99lqIysK,179253,3
0.603,0.364,0,-8.274,1,0.028,0.509,1.83e-6,0.119,0.163,119.815,audio_features,3TjdjYx5sBXrRdytJkzJJX,spotify:track:3TjdjYx5sBXrRdytJkzJJX,https://api.spotify.com/v1/tracks/3TjdjYx5sBXrRdytJkzJJX,https://api.spotify.com/v1/audio-analysis/3TjdjYx5sBXrRdytJkzJJX,237479,4
0.332,0.166,4,-11.837,0,0.0413,0.978,0.0179,0.101,0.0521,70.095,audio_features,66NcpKY7XvuKztmld36Aao,spotify:track:66NcpKY7XvuKztmld36Aao,https://api.spotify.com/v1/tracks/66NcpKY7XvuKztmld36Aao,https://api.spotify.com/v1/audio-analysis/66NcpKY7XvuKztmld36Aao,362761,3
0.468,0.246,5,-11.12,0,0.0361,0.941,2.98e-5,0.123,0.306,117.084,audio_features,4B6JZ4LJq7RcWROpOihdv6,spotify:track:4B6JZ4LJq7RcWROpOihdv6,https://api.spotify.com/v1/tracks/4B6JZ4LJq7RcWROpOihdv6,https://api.spotify.com/v1/audio-analysis/4B6JZ4LJq7RcWROpOihdv6,347837,4
0.596,0.372,4,-9.391,1,0.0606,0.848,0,0.331,0.293,123.125,audio_features,0VUgbCK0k8QWGpLiEV8YYZ,spotify:track:0VUgbCK0k8QWGpLiEV8YYZ,https://api.spotify.com/v1/tracks/0VUgbCK0k8QWGpLiEV8YYZ,https://api.spotify.com/v1/audio-analysis/0VUgbCK0k8QWGpLiEV8YYZ,241867,4
0.623,0.342,4,-14.294,0,0.0416,0.807,0.0356,0.166,0.539,143.559,audio_features,7M2dW0OtPtMJgDJzn6qnZz,spotify:track:7M2dW0OtPtMJgDJzn6qnZz,https://api.spotify.com/v1/tracks/7M2dW0OtPtMJgDJzn6qnZz,https://api.spotify.com/v1/audio-analysis/7M2dW0OtPtMJgDJzn6qnZz,252133,4
0.465,0.455,2,-14.013,1,0.0397,0.0607,5.15e-6,0.0916,0.489,129.33,audio_features,64ZTy1DsCuYufxaBBUSFxA,spotify:track:64ZTy1DsCuYufxaBBUSFxA,https://api.spotify.com/v1/tracks/64ZTy1DsCuYufxaBBUSFxA,https://api.spotify.com/v1/audio-analysis/64ZTy1DsCuYufxaBBUSFxA,278027,4
0.486,0.203,8,-16.722,1,0.0303,0.835,6.35e-4,0.239,0.141,94.952,audio_features,1UvOFJFyfsm2OJkE3s48fs,spotify:track:1UvOFJFyfsm2OJkE3s48fs,https://api.spotify.com/v1/tracks/1UvOFJFyfsm2OJkE3s48fs,https://api.spotify.com/v1/audio-analysis/1UvOFJFyfsm2OJkE3s48fs,165333,4
0.356,0.374,10,-11.859,1,0.0441,0.731,8.99e-4,0.323,0.511,117.089,audio_features,1EK77FK4GGtFHZLH8G7lM3,spotify:track:1EK77FK4GGtFHZLH8G7lM3,https://api.spotify.com/v1/tracks/1EK77FK4GGtFHZLH8G7lM3,https://api.spotify.com/v1/audio-analysis/1EK77FK4GGtFHZLH8G7lM3,230800,4
0.468,0.612,8,-8.168,1,0.0382,0.61,1.23e-6,0.0672,0.767,128.693,audio_features,1nl13AcSpiCKdbkhtvJoo7,spotify:track:1nl13AcSpiCKdbkhtvJoo7,https://api.spotify.com/v1/tracks/1nl13AcSpiCKdbkhtvJoo7,https://api.spotify.com/v1/audio-analysis/1nl13AcSpiCKdbkhtvJoo7,184467,4
0.416,0.137,7,-13.014,1,0.0327,0.859,0,0.0912,0.322,96.549,audio_features,6Gu7Si4FlbCSLC89DwHNoj,spotify:track:6Gu7Si4FlbCSLC89DwHNoj,https://api.spotify.com/v1/tracks/6Gu7Si4FlbCSLC89DwHNoj,https://api.spotify.com/v1/audio-analysis/6Gu7Si4FlbCSLC89DwHNoj,245472,4
0.72,0.815,4,-7.436,0,0.0345,0.0377,0,0.106,0.579,98.926,audio_features,16Q58TTMLWLx29LDlQApEm,spotify:track:16Q58TTMLWLx29LDlQApEm,https://api.spotify.com/v1/tracks/16Q58TTMLWLx29LDlQApEm,https://api.spotify.com/v1/audio-analysis/16Q58TTMLWLx29LDlQApEm,373600,4
0.636,0.886,6,-5.303,0,0.0438,0.0321,0.00173,0.129,0.671,87.268,audio_features,4udWxUu33DhKGP7uhSbUiN,spotify:track:4udWxUu33DhKGP7uhSbUiN,https://api.spotify.com/v1/tracks/4udWxUu33DhKGP7uhSbUiN,https://api.spotify.com/v1/audio-analysis/4udWxUu33DhKGP7uhSbUiN,296640,4
0.715,0.611,6,-9.131,0,0.0679,0.432,0.00219,0.194,0.691,140.045,audio_features,09ekFvUyVebZ1kyYt6oz28,spotify:track:09ekFvUyVebZ1kyYt6oz28,https://api.spotify.com/v1/tracks/09ekFvUyVebZ1kyYt6oz28,https://api.spotify.com/v1/audio-analysis/09ekFvUyVebZ1kyYt6oz28,362187,4
0.696,0.878,11,-5.303,0,0.0381,0.0053,0.258,0.233,0.885,108.615,audio_features,7Hw6PwVBw9wDSZXy6B3fWb,spotify:track:7Hw6PwVBw9wDSZXy6B3fWb,https://api.spotify.com/v1/tracks/7Hw6PwVBw9wDSZXy6B3fWb,https://api.spotify.com/v1/audio-analysis/7Hw6PwVBw9wDSZXy6B3fWb,335867,4
0.604,0.82,10,-4.927,0,0.0401,0.144,1.33e-4,0.109,0.427,105.019,audio_features,1UvWx2hgpxlF7HPbwLSmIY,spotify:track:1UvWx2hgpxlF7HPbwLSmIY,https://api.spotify.com/v1/tracks/1UvWx2hgpxlF7HPbwLSmIY,https://api.spotify.com/v1/audio-analysis/1UvWx2hgpxlF7HPbwLSmIY,419520,4
0.664,0.725,9,-6.179,0,0.0897,0.363,1.39e-6,0.272,0.659,96.348,audio_features,0lPWEt7kSY37pSUIH68ME0,spotify:track:0lPWEt7kSY37pSUIH68ME0,https://api.spotify.com/v1/tracks/0lPWEt7kSY37pSUIH68ME0,https://api.spotify.com/v1/audio-analysis/0lPWEt7kSY37pSUIH68ME0,303773,4
0.698,0.801,1,-8.366,1,0.0326,0.0598,3.5e-5,0.205,0.905,93.859,audio_features,2QGzg5htcf4b0NeSLbi0K6,spotify:track:2QGzg5htcf4b0NeSLbi0K6,https://api.spotify.com/v1/tracks/2QGzg5htcf4b0NeSLbi0K6,https://api.spotify.com/v1/audio-analysis/2QGzg5htcf4b0NeSLbi0K6,245427,4
0.493,0.464,9,-7.703,1,0.0425,0.391,0.00268,0.23,0.398,125.981,audio_features,1hEKZMz3paxLqTQ3cLGETD,spotify:track:1hEKZMz3paxLqTQ3cLGETD,https://api.spotify.com/v1/tracks/1hEKZMz3paxLqTQ3cLGETD,https://api.spotify.com/v1/audio-analysis/1hEKZMz3paxLqTQ3cLGETD,198840,4
0.472,0.4,7,-12.572,0,0.0459,0.0416,0.00833,0.691,0.0903,135.134,audio_features,0DJq9F4PSbBYQLZ9c7hcuv,spotify:track:0DJq9F4PSbBYQLZ9c7hcuv,https://api.spotify.com/v1/tracks/0DJq9F4PSbBYQLZ9c7hcuv,https://api.spotify.com/v1/audio-analysis/0DJq9F4PSbBYQLZ9c7hcuv,432587,4
0.591,0.843,10,-7.547,0,0.0967,0.0279,0.00167,0.959,0.813,137.187,audio_features,3O9bvZ8HpOP9DUthqDtuTh,spotify:track:3O9bvZ8HpOP9DUthqDtuTh,https://api.spotify.com/v1/tracks/3O9bvZ8HpOP9DUthqDtuTh,https://api.spotify.com/v1/audio-analysis/3O9bvZ8HpOP9DUthqDtuTh,296867,4
0.674,0.833,9,-5.631,1,0.0363,0.113,8.82e-5,0.0957,0.827,137.905,audio_features,2ma8V5vEOfCuyqZ0V8HAq3,spotify:track:2ma8V5vEOfCuyqZ0V8HAq3,https://api.spotify.com/v1/tracks/2ma8V5vEOfCuyqZ0V8HAq3,https://api.spotify.com/v1/audio-analysis/2ma8V5vEOfCuyqZ0V8HAq3,225760,4
0.541,0.32,0,-10.313,1,0.0332,0.845,0,0.725,0.378,124.328,audio_features,26AEhGPNQ5VWZia1qyqc97,spotify:track:26AEhGPNQ5VWZia1qyqc97,https://api.spotify.com/v1/tracks/26AEhGPNQ5VWZia1qyqc97,https://api.spotify.com/v1/audio-analysis/26AEhGPNQ5VWZia1qyqc97,385933,4
0.702,0.864,5,-6.801,0,0.064,0.598,0.00191,0.911,0.803,100.398,audio_features,7JSFeWjBBXKduf6SV8rzwp,spotify:track:7JSFeWjBBXKduf6SV8rzwp,https://api.spotify.com/v1/tracks/7JSFeWjBBXKduf6SV8rzwp,https://api.spotify.com/v1/audio-analysis/7JSFeWjBBXKduf6SV8rzwp,295520,4
0.695,0.621,2,-10.316,1,0.0617,0.243,1.25e-4,0.0707,0.892,138.272,audio_features,3ed9gdGKIZXp4TFjsonebG,spotify:track:3ed9gdGKIZXp4TFjsonebG,https://api.spotify.com/v1/tracks/3ed9gdGKIZXp4TFjsonebG,https://api.spotify.com/v1/audio-analysis/3ed9gdGKIZXp4TFjsonebG,279200,4
0.481,0.621,2,-9.65,1,0.136,0.341,0,0.242,0.951,84.916,audio_features,0L7urInJWJwBXrVeunHwCU,spotify:track:0L7urInJWJwBXrVeunHwCU,https://api.spotify.com/v1/tracks/0L7urInJWJwBXrVeunHwCU,https://api.spotify.com/v1/audio-analysis/0L7urInJWJwBXrVeunHwCU,323627,4
0.655,0.586,9,-10.648,1,0.0427,0.168,1.28e-5,0.622,0.696,126.693,audio_features,5HVzPjyroR9KXB8An6ipO3,spotify:track:5HVzPjyroR9KXB8An6ipO3,https://api.spotify.com/v1/tracks/5HVzPjyroR9KXB8An6ipO3,https://api.spotify.com/v1/audio-analysis/5HVzPjyroR9KXB8An6ipO3,315520,4
0.759,0.52,0,-10.792,1,0.076,0.303,0,0.0941,0.964,111.654,audio_features,3IRwLjfEmiZOkDvSiOP5hP,spotify:track:3IRwLjfEmiZOkDvSiOP5hP,https://api.spotify.com/v1/tracks/3IRwLjfEmiZOkDvSiOP5hP,https://api.spotify.com/v1/audio-analysis/3IRwLjfEmiZOkDvSiOP5hP,160733,4
0.519,0.808,6,-7.309,0,0.0513,0.406,0.00145,0.952,0.712,129.5,audio_features,6XvNtDM8JqeypoP130puPk,spotify:track:6XvNtDM8JqeypoP130puPk,https://api.spotify.com/v1/tracks/6XvNtDM8JqeypoP130puPk,https://api.spotify.com/v1/audio-analysis/6XvNtDM8JqeypoP130puPk,236827,4
0.692,0.342,2,-9.72,1,0.0283,0.747,0,0.156,0.39,120.026,audio_features,5dZyLRIfy63eqUN1M9BDwI,spotify:track:5dZyLRIfy63eqUN1M9BDwI,https://api.spotify.com/v1/tracks/5dZyLRIfy63eqUN1M9BDwI,https://api.spotify.com/v1/audio-analysis/5dZyLRIfy63eqUN1M9BDwI,158507,3
0.743,0.485,0,-9.604,1,0.0452,0.821,0,0.0817,0.512,101.975,audio_features,4xISjdYpFEMsAFC2ax7OVE,spotify:track:4xISjdYpFEMsAFC2ax7OVE,https://api.spotify.com/v1/tracks/4xISjdYpFEMsAFC2ax7OVE,https://api.spotify.com/v1/audio-analysis/4xISjdYpFEMsAFC2ax7OVE,196907,4
0.359,0.608,7,-8.902,1,0.0335,0.671,0.00143,0.993,0.273,102.221,audio_features,0o7fuLnsvwiaWhDWjHvJor,spotify:track:0o7fuLnsvwiaWhDWjHvJor,https://api.spotify.com/v1/tracks/0o7fuLnsvwiaWhDWjHvJor,https://api.spotify.com/v1/audio-analysis/0o7fuLnsvwiaWhDWjHvJor,217347,4
0.382,0.404,0,-9.584,1,0.0371,0.594,8.85e-5,0.111,0.232,81.001,audio_features,53YY29qEXjC25WWtkHKXZ6,spotify:track:53YY29qEXjC25WWtkHKXZ6,https://api.spotify.com/v1/tracks/53YY29qEXjC25WWtkHKXZ6,https://api.spotify.com/v1/audio-analysis/53YY29qEXjC25WWtkHKXZ6,208573,4
0.565,0.46,7,-9.741,1,0.0307,0.77,2.14e-5,0.133,0.282,101.981,audio_features,1hmDsnhtabIjJPur68pu5Z,spotify:track:1hmDsnhtabIjJPur68pu5Z,https://api.spotify.com/v1/tracks/1hmDsnhtabIjJPur68pu5Z,https://api.spotify.com/v1/audio-analysis/1hmDsnhtabIjJPur68pu5Z,183507,4
0.364,0.382,2,-12.27,1,0.0334,0.829,4.65e-5,0.761,0.27,96.006,audio_features,7Dq7nZVjT5obQKTG7CmaNf,spotify:track:7Dq7nZVjT5obQKTG7CmaNf,https://api.spotify.com/v1/tracks/7Dq7nZVjT5obQKTG7CmaNf,https://api.spotify.com/v1/audio-analysis/7Dq7nZVjT5obQKTG7CmaNf,206627,4
0.538,0.249,0,-10.506,1,0.0321,0.701,4.34e-5,0.121,0.249,86.938,audio_features,4eGOBCZyjEQ6WckqOVz0ES,spotify:track:4eGOBCZyjEQ6WckqOVz0ES,https://api.spotify.com/v1/tracks/4eGOBCZyjEQ6WckqOVz0ES,https://api.spotify.com/v1/audio-analysis/4eGOBCZyjEQ6WckqOVz0ES,211080,4
0.855,0.397,11,-12.541,0,0.0453,0.339,0.244,0.0993,0.648,110.527,audio_features,0tVxzsIpzTIj41DTHAvFxs,spotify:track:0tVxzsIpzTIj41DTHAvFxs,https://api.spotify.com/v1/tracks/0tVxzsIpzTIj41DTHAvFxs,https://api.spotify.com/v1/audio-analysis/0tVxzsIpzTIj41DTHAvFxs,262080,4
0.777,0.342,0,-14.13,1,0.038,0.494,0.0952,0.273,0.808,114.918,audio_features,2MddJi3XeknnPQ0cyfLLIA,spotify:track:2MddJi3XeknnPQ0cyfLLIA,https://api.spotify.com/v1/tracks/2MddJi3XeknnPQ0cyfLLIA,https://api.spotify.com/v1/audio-analysis/2MddJi3XeknnPQ0cyfLLIA,196307,4
0.692,0.897,11,-4.969,0,0.0398,0.236,3.86e-6,0.116,0.968,106.163,audio_features,0ENvhTTww1MVOulrzuxSmu,spotify:track:0ENvhTTww1MVOulrzuxSmu,https://api.spotify.com/v1/tracks/0ENvhTTww1MVOulrzuxSmu,https://api.spotify.com/v1/audio-analysis/0ENvhTTww1MVOulrzuxSmu,226640,4
0.653,0.647,4,-7.028,1,0.0437,0.201,0,0.0753,0.936,156.28,audio_features,3zcBNmJH6ToRCI0WNEIuES,spotify:track:3zcBNmJH6ToRCI0WNEIuES,https://api.spotify.com/v1/tracks/3zcBNmJH6ToRCI0WNEIuES,https://api.spotify.com/v1/audio-analysis/3zcBNmJH6ToRCI0WNEIuES,256693,4
0.774,0.647,1,-6.682,0,0.0514,0.47,5.69e-4,0.46,0.965,95.098,audio_features,2BvDFQOl4JieEGK2cgKOey,spotify:track:2BvDFQOl4JieEGK2cgKOey,https://api.spotify.com/v1/tracks/2BvDFQOl4JieEGK2cgKOey,https://api.spotify.com/v1/audio-analysis/2BvDFQOl4JieEGK2cgKOey,200960,4
0.338,0.701,0,-8.109,1,0.0419,0.717,0,0.985,0.598,91.11,audio_features,6xudT1C5n47TeVlPXtf7xR,spotify:track:6xudT1C5n47TeVlPXtf7xR,https://api.spotify.com/v1/tracks/6xudT1C5n47TeVlPXtf7xR,https://api.spotify.com/v1/audio-analysis/6xudT1C5n47TeVlPXtf7xR,268227,4
0.214,0.996,11,-4.28,0,0.13,0.0881,5.41e-4,0.993,0.144,189.35,audio_features,640YjSSg05O4Lsp91cysps,spotify:track:640YjSSg05O4Lsp91cysps,https://api.spotify.com/v1/tracks/640YjSSg05O4Lsp91cysps,https://api.spotify.com/v1/audio-analysis/640YjSSg05O4Lsp91cysps,146920,4
0.369,0.929,0,-5.633,1,0.0649,0.082,0,0.972,0.791,149.427,audio_features,3N5VoWNA2TWay0UML62STK,spotify:track:3N5VoWNA2TWay0UML62STK,https://api.spotify.com/v1/tracks/3N5VoWNA2TWay0UML62STK,https://api.spotify.com/v1/audio-analysis/3N5VoWNA2TWay0UML62STK,278920,4
0.442,0.799,0,-9.65,1,0.0335,2.66e-5,0.221,0.0967,0.421,145.508,audio_features,194QWmi3n7OIbtnXzDd6Sx,spotify:track:194QWmi3n7OIbtnXzDd6Sx,https://api.spotify.com/v1/tracks/194QWmi3n7OIbtnXzDd6Sx,https://api.spotify.com/v1/audio-analysis/194QWmi3n7OIbtnXzDd6Sx,177533,4
0.606,0.3,7,-11.804,1,0.0827,0.707,0,0.313,0.457,91.191,audio_features,0dHTMMFAzlk164gZ7YB1rG,spotify:track:0dHTMMFAzlk164gZ7YB1rG,https://api.spotify.com/v1/tracks/0dHTMMFAzlk164gZ7YB1rG,https://api.spotify.com/v1/audio-analysis/0dHTMMFAzlk164gZ7YB1rG,272000,4
0.43,0.549,7,-12.956,1,0.0629,0.0425,2e-5,0.252,0.444,89.748,audio_features,6ttKOudrrD5yjt4saUjhNa,spotify:track:6ttKOudrrD5yjt4saUjhNa,https://api.spotify.com/v1/tracks/6ttKOudrrD5yjt4saUjhNa,https://api.spotify.com/v1/audio-analysis/6ttKOudrrD5yjt4saUjhNa,547000,4
0.598,0.65,7,-14.281,1,0.0402,0.019,0.0482,0.0775,0.595,90.673,audio_features,2Pr6qNmiOxTdo8B6bs8x8x,spotify:track:2Pr6qNmiOxTdo8B6bs8x8x,https://api.spotify.com/v1/tracks/2Pr6qNmiOxTdo8B6bs8x8x,https://api.spotify.com/v1/audio-analysis/2Pr6qNmiOxTdo8B6bs8x8x,280467,4
0.601,0.263,7,-16.087,1,0.0273,0.17,2.62e-5,0.0971,0.688,89.873,audio_features,46s6p0tsgRBfzWriIg3w9o,spotify:track:46s6p0tsgRBfzWriIg3w9o,https://api.spotify.com/v1/tracks/46s6p0tsgRBfzWriIg3w9o,https://api.spotify.com/v1/audio-analysis/46s6p0tsgRBfzWriIg3w9o,308800,4
0.671,0.443,9,-12.776,1,0.0389,0.485,2.83e-4,0.112,0.589,79.275,audio_features,6Pa6VpdGS8OfiVOEnNAHHw,spotify:track:6Pa6VpdGS8OfiVOEnNAHHw,https://api.spotify.com/v1/tracks/6Pa6VpdGS8OfiVOEnNAHHw,https://api.spotify.com/v1/audio-analysis/6Pa6VpdGS8OfiVOEnNAHHw,271440,4
0.281,0.866,0,-10.628,1,0.0647,0.122,0.00355,0.324,0.42,193.928,audio_features,7hkQhMFq4EOTYwX3I7cgmA,spotify:track:7hkQhMFq4EOTYwX3I7cgmA,https://api.spotify.com/v1/tracks/7hkQhMFq4EOTYwX3I7cgmA,https://api.spotify.com/v1/audio-analysis/7hkQhMFq4EOTYwX3I7cgmA,150467,4
0.293,0.662,4,-13.076,0,0.0486,0.0079,0.00112,0.271,0.221,186.007,audio_features,7MnT7msJZg3XBAS0OTfGrB,spotify:track:7MnT7msJZg3XBAS0OTfGrB,https://api.spotify.com/v1/tracks/7MnT7msJZg3XBAS0OTfGrB,https://api.spotify.com/v1/audio-analysis/7MnT7msJZg3XBAS0OTfGrB,302200,4
0.421,0.231,0,-14.841,1,0.0363,0.057,0.00175,0.213,0.183,116.845,audio_features,3fACD4HoiywCRscYBqOVYZ,spotify:track:3fACD4HoiywCRscYBqOVYZ,https://api.spotify.com/v1/tracks/3fACD4HoiywCRscYBqOVYZ,https://api.spotify.com/v1/audio-analysis/3fACD4HoiywCRscYBqOVYZ,248707,4
0.429,0.575,10,-8.705,1,0.156,0.794,0.0161,0.113,0.589,86.078,audio_features,7MK6sYlWniVj8D1mrAAIwb,spotify:track:7MK6sYlWniVj8D1mrAAIwb,https://api.spotify.com/v1/tracks/7MK6sYlWniVj8D1mrAAIwb,https://api.spotify.com/v1/audio-analysis/7MK6sYlWniVj8D1mrAAIwb,235867,4
0.552,0.762,8,-6.367,1,0.361,0.0384,8.63e-6,0.0239,0.512,172.086,audio_features,5p3LIyy38s0QQNoSTwbZXX,spotify:track:5p3LIyy38s0QQNoSTwbZXX,https://api.spotify.com/v1/tracks/5p3LIyy38s0QQNoSTwbZXX,https://api.spotify.com/v1/audio-analysis/5p3LIyy38s0QQNoSTwbZXX,320800,4
0.747,0.677,1,-6.24,0,0.157,0.062,0,0.109,0.702,159.959,audio_features,0gGjX0aUg7OaUSAhi1CmDk,spotify:track:0gGjX0aUg7OaUSAhi1CmDk,https://api.spotify.com/v1/tracks/0gGjX0aUg7OaUSAhi1CmDk,https://api.spotify.com/v1/audio-analysis/0gGjX0aUg7OaUSAhi1CmDk,221627,4
0.386,0.607,10,-7.7,1,0.0261,0.0112,1.38e-5,0.088,0.532,147.207,audio_features,0aym2LBJBk9DAYuHHutrIl,spotify:track:0aym2LBJBk9DAYuHHutrIl,https://api.spotify.com/v1/tracks/0aym2LBJBk9DAYuHHutrIl,https://api.spotify.com/v1/audio-analysis/0aym2LBJBk9DAYuHHutrIl,425653,4
0.443,0.403,0,-8.339,1,0.0322,0.631,0,0.111,0.41,143.462,audio_features,7iN1s7xHE4ifF5povM6A48,spotify:track:7iN1s7xHE4ifF5povM6A48,https://api.spotify.com/v1/tracks/7iN1s7xHE4ifF5povM6A48,https://api.spotify.com/v1/audio-analysis/7iN1s7xHE4ifF5povM6A48,243027,4
0.557,0.54,9,-10.484,1,0.0347,0.0339,0.00248,0.179,0.394,129.171,audio_features,6dGnYIeXmHdcikdzNNDMm2,spotify:track:6dGnYIeXmHdcikdzNNDMm2,https://api.spotify.com/v1/tracks/6dGnYIeXmHdcikdzNNDMm2,https://api.spotify.com/v1/audio-analysis/6dGnYIeXmHdcikdzNNDMm2,185733,4
0.62,0.944,4,-3.082,0,0.0863,0.0014,0,0.733,0.592,103.024,audio_features,1lWWoec2z1j88GRblI5anV,spotify:track:1lWWoec2z1j88GRblI5anV,https://api.spotify.com/v1/tracks/1lWWoec2z1j88GRblI5anV,https://api.spotify.com/v1/audio-analysis/1lWWoec2z1j88GRblI5anV,192655,4
0.425,0.638,1,-3.184,0,0.0759,0.426,0,0.177,0.45,81.396,audio_features,3590AAEoqH50z4UmhMIY85,spotify:track:3590AAEoqH50z4UmhMIY85,https://api.spotify.com/v1/tracks/3590AAEoqH50z4UmhMIY85,https://api.spotify.com/v1/audio-analysis/3590AAEoqH50z4UmhMIY85,230667,4
0.714,0.8,11,-4.808,0,0.0504,0.127,0,0.359,0.589,134.002,audio_features,3Wrjm47oTz2sjIgck11l5e,spotify:track:3Wrjm47oTz2sjIgck11l5e,https://api.spotify.com/v1/tracks/3Wrjm47oTz2sjIgck11l5e,https://api.spotify.com/v1/audio-analysis/3Wrjm47oTz2sjIgck11l5e,211560,4
0.693,0.394,0,-15.882,1,0.0428,0.0782,6.94e-4,0.247,0.721,104.114,audio_features,4gMgiXfqyzZLMhsksGmbQV,spotify:track:4gMgiXfqyzZLMhsksGmbQV,https://api.spotify.com/v1/tracks/4gMgiXfqyzZLMhsksGmbQV,https://api.spotify.com/v1/audio-analysis/4gMgiXfqyzZLMhsksGmbQV,238747,4
0.481,0.262,7,-15.73,1,0.0414,0.735,0.0114,0.832,0.375,122.861,audio_features,6mFkJmJqdDVQ1REhVfGgd1,spotify:track:6mFkJmJqdDVQ1REhVfGgd1,https://api.spotify.com/v1/tracks/6mFkJmJqdDVQ1REhVfGgd1,https://api.spotify.com/v1/audio-analysis/6mFkJmJqdDVQ1REhVfGgd1,334744,4
0.669,0.629,9,-10.461,1,0.0405,0.232,0,0.0931,0.924,111.598,audio_features,2CoKGyZavJWTFUPyvWoj0b,spotify:track:2CoKGyZavJWTFUPyvWoj0b,https://api.spotify.com/v1/tracks/2CoKGyZavJWTFUPyvWoj0b,https://api.spotify.com/v1/audio-analysis/2CoKGyZavJWTFUPyvWoj0b,258987,4
0.502,0.89,4,-5.175,1,0.0364,1.47e-4,0.0117,0.217,0.259,133.52,audio_features,57bgtoPSgt236HzfBOd8kj,spotify:track:57bgtoPSgt236HzfBOd8kj,https://api.spotify.com/v1/tracks/57bgtoPSgt236HzfBOd8kj,https://api.spotify.com/v1/audio-analysis/57bgtoPSgt236HzfBOd8kj,292880,4
0.338,0.34,9,-12.049,0,0.0339,0.58,0.0032,0.116,0.197,82.433,audio_features,0RO9W1xJoUEpq5MEelddFb,spotify:track:0RO9W1xJoUEpq5MEelddFb,https://api.spotify.com/v1/tracks/0RO9W1xJoUEpq5MEelddFb,https://api.spotify.com/v1/audio-analysis/0RO9W1xJoUEpq5MEelddFb,482830,4
0.533,0.376,9,-11.913,0,0.0393,0.0302,0.248,0.0926,0.187,165.007,audio_features,2EqlS6tkEnglzr7tkKAAYD,spotify:track:2EqlS6tkEnglzr7tkKAAYD,https://api.spotify.com/v1/tracks/2EqlS6tkEnglzr7tkKAAYD,https://api.spotify.com/v1/audio-analysis/2EqlS6tkEnglzr7tkKAAYD,259947,4
0.741,0.697,0,-7.028,1,0.0277,0.0664,2.28e-5,0.133,0.774,116.109,audio_features,2LawezPeJhN4AWuSB0GtAU,spotify:track:2LawezPeJhN4AWuSB0GtAU,https://api.spotify.com/v1/tracks/2LawezPeJhN4AWuSB0GtAU,https://api.spotify.com/v1/audio-analysis/2LawezPeJhN4AWuSB0GtAU,160133,4
0.693,0.497,2,-7.316,1,0.119,0.679,0,0.258,0.473,81.308,audio_features,54flyrjcdnQdco7300avMJ,spotify:track:54flyrjcdnQdco7300avMJ,https://api.spotify.com/v1/tracks/54flyrjcdnQdco7300avMJ,https://api.spotify.com/v1/audio-analysis/54flyrjcdnQdco7300avMJ,122067,4
0.723,0.863,2,-7.89,1,0.0338,0.0383,0.0317,0.128,0.931,136.302,audio_features,2PzU4IB8Dr6mxV3lHuaG34,spotify:track:2PzU4IB8Dr6mxV3lHuaG34,https://api.spotify.com/v1/tracks/2PzU4IB8Dr6mxV3lHuaG34,https://api.spotify.com/v1/audio-analysis/2PzU4IB8Dr6mxV3lHuaG34,222813,4
0.579,0.508,2,-9.484,1,0.027,0.00574,4.94e-4,0.0575,0.609,147.125,audio_features,40riOy7x9W7GXjyGp4pjAv,spotify:track:40riOy7x9W7GXjyGp4pjAv,https://api.spotify.com/v1/tracks/40riOy7x9W7GXjyGp4pjAv,https://api.spotify.com/v1/audio-analysis/40riOy7x9W7GXjyGp4pjAv,391376,4
0.534,0.887,0,-3.777,1,0.0345,0.0768,9.93e-5,0.325,0.72,122.494,audio_features,0J6mQxEZnlRt9ymzFntA6z,spotify:track:0J6mQxEZnlRt9ymzFntA6z,https://api.spotify.com/v1/tracks/0J6mQxEZnlRt9ymzFntA6z,https://api.spotify.com/v1/audio-analysis/0J6mQxEZnlRt9ymzFntA6z,249293,4
0.307,0.433,1,-10.057,1,0.029,0.388,9.08e-5,0.332,0.224,160.9,audio_features,5MxNLUsfh7uzROypsoO5qe,spotify:track:5MxNLUsfh7uzROypsoO5qe,https://api.spotify.com/v1/tracks/5MxNLUsfh7uzROypsoO5qe,https://api.spotify.com/v1/audio-analysis/5MxNLUsfh7uzROypsoO5qe,266960,4
0.574,0.913,6,-4.793,0,0.133,0.061,0.00158,0.156,0.423,115.728,audio_features,2zYzyRzz6pRmhPzyfMEC8s,spotify:track:2zYzyRzz6pRmhPzyfMEC8s,https://api.spotify.com/v1/tracks/2zYzyRzz6pRmhPzyfMEC8s,https://api.spotify.com/v1/audio-analysis/2zYzyRzz6pRmhPzyfMEC8s,208400,4
0.332,0.416,4,-8.721,1,0.0421,0.811,1.61e-5,0.138,0.187,185.113,audio_features,0pZsmm7vcgt30GC44FoKie,spotify:track:0pZsmm7vcgt30GC44FoKie,https://api.spotify.com/v1/tracks/0pZsmm7vcgt30GC44FoKie,https://api.spotify.com/v1/audio-analysis/0pZsmm7vcgt30GC44FoKie,212907,4
0.606,0.563,0,-6.604,1,0.0307,0.728,3.62e-4,0.335,0.464,124.181,audio_features,7qvL8BbYdxvhOinapMiEeF,spotify:track:7qvL8BbYdxvhOinapMiEeF,https://api.spotify.com/v1/tracks/7qvL8BbYdxvhOinapMiEeF,https://api.spotify.com/v1/audio-analysis/7qvL8BbYdxvhOinapMiEeF,262533,4
0.526,0.551,4,-9.084,0,0.0391,0.608,0.00145,0.121,0.292,156.021,audio_features,6JyyilCXZPb8fm0tQPqjUZ,spotify:track:6JyyilCXZPb8fm0tQPqjUZ,https://api.spotify.com/v1/tracks/6JyyilCXZPb8fm0tQPqjUZ,https://api.spotify.com/v1/audio-analysis/6JyyilCXZPb8fm0tQPqjUZ,277678,4
0.495,0.306,9,-11.173,0,0.0303,0.777,0,0.887,0.356,108.416,audio_features,5YctcwZCRMxlIHDpTuqKOE,spotify:track:5YctcwZCRMxlIHDpTuqKOE,https://api.spotify.com/v1/tracks/5YctcwZCRMxlIHDpTuqKOE,https://api.spotify.com/v1/audio-analysis/5YctcwZCRMxlIHDpTuqKOE,187179,4
0.463,0.926,7,-3.204,1,0.122,0.0555,0,0.478,0.437,91.197,audio_features,0lGEWOZvMexZFXckBJxlVO,spotify:track:0lGEWOZvMexZFXckBJxlVO,https://api.spotify.com/v1/tracks/0lGEWOZvMexZFXckBJxlVO,https://api.spotify.com/v1/audio-analysis/0lGEWOZvMexZFXckBJxlVO,284987,4
0.422,0.715,2,-8.974,1,0.0317,0.322,0.0179,0.126,0.586,164.708,audio_features,1PJav3utD7mvErlUwKC40c,spotify:track:1PJav3utD7mvErlUwKC40c,https://api.spotify.com/v1/tracks/1PJav3utD7mvErlUwKC40c,https://api.spotify.com/v1/audio-analysis/1PJav3utD7mvErlUwKC40c,233560,4
0.294,0.65,5,-8.139,1,0.0419,0.0378,2.56e-5,0.0985,0.704,100.663,audio_features,22eHeLlCk3WTMzlbkQdIey,spotify:track:22eHeLlCk3WTMzlbkQdIey,https://api.spotify.com/v1/tracks/22eHeLlCk3WTMzlbkQdIey,https://api.spotify.com/v1/audio-analysis/22eHeLlCk3WTMzlbkQdIey,136893,4
0.522,0.0949,2,-16.346,1,0.0319,0.632,0.00422,0.089,0.706,92.864,audio_features,4c7m5TLZ61e4otG1fZ68XP,spotify:track:4c7m5TLZ61e4otG1fZ68XP,https://api.spotify.com/v1/tracks/4c7m5TLZ61e4otG1fZ68XP,https://api.spotify.com/v1/audio-analysis/4c7m5TLZ61e4otG1fZ68XP,121893,4
0.574,0.389,2,-9.786,1,0.0295,0.256,7.2e-4,0.16,0.905,133.661,audio_features,2DREhftHdD8pRmNdSs6nyF,spotify:track:2DREhftHdD8pRmNdSs6nyF,https://api.spotify.com/v1/tracks/2DREhftHdD8pRmNdSs6nyF,https://api.spotify.com/v1/audio-analysis/2DREhftHdD8pRmNdSs6nyF,128000,4
0.787,0.898,2,-9.948,1,0.0445,0.175,0.00556,0.336,0.825,104.954,audio_features,3wyElammb2nsBW3C9fAkIk,spotify:track:3wyElammb2nsBW3C9fAkIk,https://api.spotify.com/v1/tracks/3wyElammb2nsBW3C9fAkIk,https://api.spotify.com/v1/audio-analysis/3wyElammb2nsBW3C9fAkIk,325653,4
0.612,0.468,4,-5.984,1,0.0376,0.866,5.93e-4,0.104,0.435,115.541,audio_features,049WwnfBCmyG1JQsxB6dmc,spotify:track:049WwnfBCmyG1JQsxB6dmc,https://api.spotify.com/v1/tracks/049WwnfBCmyG1JQsxB6dmc,https://api.spotify.com/v1/audio-analysis/049WwnfBCmyG1JQsxB6dmc,245067,4
0.269,0.225,9,-11.024,1,0.0355,0.801,0.00271,0.0955,0.165,93.412,audio_features,5scGvEhNqShhwq8lZWciZb,spotify:track:5scGvEhNqShhwq8lZWciZb,https://api.spotify.com/v1/tracks/5scGvEhNqShhwq8lZWciZb,https://api.spotify.com/v1/audio-analysis/5scGvEhNqShhwq8lZWciZb,258200,4
0.365,0.228,7,-20.943,1,0.0372,0.27,0,0.26,0.281,140.169,audio_features,74Rb8GLoyNYnjDIAnpUuhG,spotify:track:74Rb8GLoyNYnjDIAnpUuhG,https://api.spotify.com/v1/tracks/74Rb8GLoyNYnjDIAnpUuhG,https://api.spotify.com/v1/audio-analysis/74Rb8GLoyNYnjDIAnpUuhG,290000,4
0.541,0.334,7,-18.603,1,0.0564,0.418,0,0.067,0.606,101.622,audio_features,6lCcA1ugWuQPBCHXecSwc8,spotify:track:6lCcA1ugWuQPBCHXecSwc8,https://api.spotify.com/v1/tracks/6lCcA1ugWuQPBCHXecSwc8,https://api.spotify.com/v1/audio-analysis/6lCcA1ugWuQPBCHXecSwc8,294360,4
0.455,0.407,4,-19.041,1,0.0988,0.291,2.35e-4,0.067,0.442,167.385,audio_features,1UsAjRCSavihMYsspqJz4e,spotify:track:1UsAjRCSavihMYsspqJz4e,https://api.spotify.com/v1/tracks/1UsAjRCSavihMYsspqJz4e,https://api.spotify.com/v1/audio-analysis/1UsAjRCSavihMYsspqJz4e,196560,1
0.507,0.547,5,-7.488,0,0.0416,0.314,0.458,0.0769,0.905,160.879,audio_features,5flYFbJweqUHlQjle7uRlI,spotify:track:5flYFbJweqUHlQjle7uRlI,https://api.spotify.com/v1/tracks/5flYFbJweqUHlQjle7uRlI,https://api.spotify.com/v1/audio-analysis/5flYFbJweqUHlQjle7uRlI,208573,4
0.607,0.372,7,-13.319,0,0.0544,0.278,1.6e-5,0.0761,0.419,62.495,audio_features,2RaGjLBahBx3PW7iPg8Mh0,spotify:track:2RaGjLBahBx3PW7iPg8Mh0,https://api.spotify.com/v1/tracks/2RaGjLBahBx3PW7iPg8Mh0,https://api.spotify.com/v1/audio-analysis/2RaGjLBahBx3PW7iPg8Mh0,335021,4
0.563,0.886,9,-9.008,1,0.0993,0.0479,7.33e-5,0.0384,0.717,89.234,audio_features,6eDMElxeeKXs4DHTb0dGP0,spotify:track:6eDMElxeeKXs4DHTb0dGP0,https://api.spotify.com/v1/tracks/6eDMElxeeKXs4DHTb0dGP0,https://api.spotify.com/v1/audio-analysis/6eDMElxeeKXs4DHTb0dGP0,256363,4
0.536,0.766,0,-9.89,1,0.0522,0.053900000000000003,0.0051,0.292,0.758,87.893,audio_features,3BpiaGyTIb7VIoAYbvSzTH,spotify:track:3BpiaGyTIb7VIoAYbvSzTH,https://api.spotify.com/v1/tracks/3BpiaGyTIb7VIoAYbvSzTH,https://api.spotify.com/v1/audio-analysis/3BpiaGyTIb7VIoAYbvSzTH,217605,4
0.643,0.78,10,-8.306,0,0.0718,0.0108,6.9e-4,0.305,0.963,136.891,audio_features,6wpDQGn3Gl0j9Wt6D6mYvQ,spotify:track:6wpDQGn3Gl0j9Wt6D6mYvQ,https://api.spotify.com/v1/tracks/6wpDQGn3Gl0j9Wt6D6mYvQ,https://api.spotify.com/v1/audio-analysis/6wpDQGn3Gl0j9Wt6D6mYvQ,265298,4
0.424,0.799,0,-6,1,0.144,0.492,0,0.408,0.688,82.794,audio_features,4877bJ149OUJZHTiU5Jg8P,spotify:track:4877bJ149OUJZHTiU5Jg8P,https://api.spotify.com/v1/tracks/4877bJ149OUJZHTiU5Jg8P,https://api.spotify.com/v1/audio-analysis/4877bJ149OUJZHTiU5Jg8P,250667,4
0.512,0.511,2,-8.645,0,0.03,0.662,1.99e-4,0.209,0.589,89.499,audio_features,6U03Orwr5Dxt8jahLnQpYV,spotify:track:6U03Orwr5Dxt8jahLnQpYV,https://api.spotify.com/v1/tracks/6U03Orwr5Dxt8jahLnQpYV,https://api.spotify.com/v1/audio-analysis/6U03Orwr5Dxt8jahLnQpYV,179293,4
0.563,0.463,11,-11.252,0,0.043,0.737,3.57e-4,0.118,0.689,123.402,audio_features,7Fw7VPZTX461fLYo72UkV1,spotify:track:7Fw7VPZTX461fLYo72UkV1,https://api.spotify.com/v1/tracks/7Fw7VPZTX461fLYo72UkV1,https://api.spotify.com/v1/audio-analysis/7Fw7VPZTX461fLYo72UkV1,229133,4
0.517,0.41,2,-10.802,1,0.207,0.797,0,0.124,0.501,80.135,audio_features,1gy8ONDPQu2H4k7kJh4zuW,spotify:track:1gy8ONDPQu2H4k7kJh4zuW,https://api.spotify.com/v1/tracks/1gy8ONDPQu2H4k7kJh4zuW,https://api.spotify.com/v1/audio-analysis/1gy8ONDPQu2H4k7kJh4zuW,229467,4
0.584,0.252,2,-13.829,1,0.0447,0.902,0,0.979,0.709,96.38,audio_features,7CIrXIC3mNDyJtkz4ThSnL,spotify:track:7CIrXIC3mNDyJtkz4ThSnL,https://api.spotify.com/v1/tracks/7CIrXIC3mNDyJtkz4ThSnL,https://api.spotify.com/v1/audio-analysis/7CIrXIC3mNDyJtkz4ThSnL,153552,4
0.477,0.123,6,-15.851,0,0.0349,0.943,0.00156,0.535,0.348,80.001,audio_features,2Z6R74YWSGzE1a0BMahvHV,spotify:track:2Z6R74YWSGzE1a0BMahvHV,https://api.spotify.com/v1/tracks/2Z6R74YWSGzE1a0BMahvHV,https://api.spotify.com/v1/audio-analysis/2Z6R74YWSGzE1a0BMahvHV,294299,5
0.503,0.0831,9,-16.914,1,0.164,0.959,4.01e-6,0.977,0.369,203.293,audio_features,3OdMZmlgN8E2Yum4l1rnKN,spotify:track:3OdMZmlgN8E2Yum4l1rnKN,https://api.spotify.com/v1/tracks/3OdMZmlgN8E2Yum4l1rnKN,https://api.spotify.com/v1/audio-analysis/3OdMZmlgN8E2Yum4l1rnKN,204375,3
0.644,0.45,4,-11.364,0,0.0362,0.819,4.82e-5,0.945,0.631,93.683,audio_features,0aqP8svLTFZb7UTRnSWO6L,spotify:track:0aqP8svLTFZb7UTRnSWO6L,https://api.spotify.com/v1/tracks/0aqP8svLTFZb7UTRnSWO6L,https://api.spotify.com/v1/audio-analysis/0aqP8svLTFZb7UTRnSWO6L,221456,4
0.402,0.0752,2,-15.83,1,0.0622,0.961,1.16e-4,0.698,0.0892,170.696,audio_features,259qvAWilta7x2NqyywtSc,spotify:track:259qvAWilta7x2NqyywtSc,https://api.spotify.com/v1/tracks/259qvAWilta7x2NqyywtSc,https://api.spotify.com/v1/audio-analysis/259qvAWilta7x2NqyywtSc,231631,3
0.542,0.147,4,-16.091,1,0.0406,0.928,2.53e-6,0.692,0.529,132.411,audio_features,4FU85A6Sz8CRBC9Z8W8oIU,spotify:track:4FU85A6Sz8CRBC9Z8W8oIU,https://api.spotify.com/v1/tracks/4FU85A6Sz8CRBC9Z8W8oIU,https://api.spotify.com/v1/audio-analysis/4FU85A6Sz8CRBC9Z8W8oIU,211565,4
0.512,0.573,2,-11.295,1,0.177,0.811,6.27e-5,0.938,0.703,177.849,audio_features,1yiQ58cQrQH2xLF2AuvFq2,spotify:track:1yiQ58cQrQH2xLF2AuvFq2,https://api.spotify.com/v1/tracks/1yiQ58cQrQH2xLF2AuvFq2,https://api.spotify.com/v1/audio-analysis/1yiQ58cQrQH2xLF2AuvFq2,200046,4
0.53,0.0853,2,-17.683,0,0.168,0.907,1.48e-4,0.683,0.327,74.777,audio_features,0gkeWFnkKD33PUusQO5osg,spotify:track:0gkeWFnkKD33PUusQO5osg,https://api.spotify.com/v1/tracks/0gkeWFnkKD33PUusQO5osg,https://api.spotify.com/v1/audio-analysis/0gkeWFnkKD33PUusQO5osg,115790,4
0.77,0.214,2,-16.138,1,0.102,0.849,0.00252,0.69,0.456,136.308,audio_features,2dyO1eHqaTjNCRBEK7eOlo,spotify:track:2dyO1eHqaTjNCRBEK7eOlo,https://api.spotify.com/v1/tracks/2dyO1eHqaTjNCRBEK7eOlo,https://api.spotify.com/v1/audio-analysis/2dyO1eHqaTjNCRBEK7eOlo,225271,4
0.553,0.0845,0,-17.561,1,0.0411,0.958,1.77e-4,0.7,0.131,112.76,audio_features,6uTyql75fO49GqVRrBpi3s,spotify:track:6uTyql75fO49GqVRrBpi3s,https://api.spotify.com/v1/tracks/6uTyql75fO49GqVRrBpi3s,https://api.spotify.com/v1/audio-analysis/6uTyql75fO49GqVRrBpi3s,249151,4
0.424,0.186,1,-16.675,1,0.0314,0.991,0.0255,0.702,0.11,105.24,audio_features,5yEOl0huND3DBIWnb39Twf,spotify:track:5yEOl0huND3DBIWnb39Twf,https://api.spotify.com/v1/tracks/5yEOl0huND3DBIWnb39Twf,https://api.spotify.com/v1/audio-analysis/5yEOl0huND3DBIWnb39Twf,221949,4
0.433,0.347,7,-9.979,1,0.0365,0.822,2.91e-4,0.988,0.472,184.607,audio_features,2GILq9nKM5XYWXRGCKGD6k,spotify:track:2GILq9nKM5XYWXRGCKGD6k,https://api.spotify.com/v1/tracks/2GILq9nKM5XYWXRGCKGD6k,https://api.spotify.com/v1/audio-analysis/2GILq9nKM5XYWXRGCKGD6k,231120,4
0.635,0.506,4,-10.415,0,0.0298,0.851,0.00419,0.984,0.572,99.685,audio_features,4QSJt8Lh2eflUweuw0RN9a,spotify:track:4QSJt8Lh2eflUweuw0RN9a,https://api.spotify.com/v1/tracks/4QSJt8Lh2eflUweuw0RN9a,https://api.spotify.com/v1/audio-analysis/4QSJt8Lh2eflUweuw0RN9a,239853,4
0.615,0.478,0,-9.484,1,0.0364,0.85,0.0335,0.72,0.701,101.911,audio_features,5N59N4bBMz3RC1p69N30zg,spotify:track:5N59N4bBMz3RC1p69N30zg,https://api.spotify.com/v1/tracks/5N59N4bBMz3RC1p69N30zg,https://api.spotify.com/v1/audio-analysis/5N59N4bBMz3RC1p69N30zg,209307,4
0.523,0.484,11,-9.396,0,0.116,0.862,9.17e-6,0.564,0.733,183.649,audio_features,72Aa8W2QF3eT6buNfiTM4P,spotify:track:72Aa8W2QF3eT6buNfiTM4P,https://api.spotify.com/v1/tracks/72Aa8W2QF3eT6buNfiTM4P,https://api.spotify.com/v1/audio-analysis/72Aa8W2QF3eT6buNfiTM4P,137867,4
0.531,0.508,2,-9.338,1,0.0368,0.77,0.226,0.985,0.834,107.992,audio_features,6Pcs7ZqfcgKEyugDbYh67c,spotify:track:6Pcs7ZqfcgKEyugDbYh67c,https://api.spotify.com/v1/tracks/6Pcs7ZqfcgKEyugDbYh67c,https://api.spotify.com/v1/audio-analysis/6Pcs7ZqfcgKEyugDbYh67c,274427,4
0.673,0.402,3,-12.2,1,0.0457,0.905,0.138,0.981,0.449,111.911,audio_features,1G9uYHi9XGiPAKP2SwKJV5,spotify:track:1G9uYHi9XGiPAKP2SwKJV5,https://api.spotify.com/v1/tracks/1G9uYHi9XGiPAKP2SwKJV5,https://api.spotify.com/v1/audio-analysis/1G9uYHi9XGiPAKP2SwKJV5,198693,4
0.58,0.399,0,-10.887,1,0.0386,0.871,0.16,0.969,0.195,79.111,audio_features,5qxjQbQmorMVXQFMof0Ont,spotify:track:5qxjQbQmorMVXQFMof0Ont,https://api.spotify.com/v1/tracks/5qxjQbQmorMVXQFMof0Ont,https://api.spotify.com/v1/audio-analysis/5qxjQbQmorMVXQFMof0Ont,253147,3
0.659,0.188,2,-14.416,1,0.0428,0.903,0.0549,0.706,0.425,106.781,audio_features,1TX5og7ekOX834NX38E4gk,spotify:track:1TX5og7ekOX834NX38E4gk,https://api.spotify.com/v1/tracks/1TX5og7ekOX834NX38E4gk,https://api.spotify.com/v1/audio-analysis/1TX5og7ekOX834NX38E4gk,257213,4
0.609,0.305,2,-13.396,1,0.0877,0.894,8.75e-4,0.941,0.408,140.353,audio_features,09A6klhYGoRV3I6fBQ0kqD,spotify:track:09A6klhYGoRV3I6fBQ0kqD,https://api.spotify.com/v1/tracks/09A6klhYGoRV3I6fBQ0kqD,https://api.spotify.com/v1/audio-analysis/09A6klhYGoRV3I6fBQ0kqD,178973,4
0.612,0.479,7,-9.612,1,0.0424,0.873,5.7e-6,0.954,0.415,101.824,audio_features,2xXSHzTBs5X9wwtsg7rcBt,spotify:track:2xXSHzTBs5X9wwtsg7rcBt,https://api.spotify.com/v1/tracks/2xXSHzTBs5X9wwtsg7rcBt,https://api.spotify.com/v1/audio-analysis/2xXSHzTBs5X9wwtsg7rcBt,180027,3
0.659,0.324,10,-10.597,0,0.264,0.905,1.48e-4,0.705,0.467,91.659,audio_features,6rAx35vUXk4gNg8omdZkPG,spotify:track:6rAx35vUXk4gNg8omdZkPG,https://api.spotify.com/v1/tracks/6rAx35vUXk4gNg8omdZkPG,https://api.spotify.com/v1/audio-analysis/6rAx35vUXk4gNg8omdZkPG,213747,4
0.445,0.401,0,-12.432,0,0.0421,0.373,1.28e-5,0.154,0.0781,112.062,audio_features,3ab7KnHf7J35kq9cuunBqO,spotify:track:3ab7KnHf7J35kq9cuunBqO,https://api.spotify.com/v1/tracks/3ab7KnHf7J35kq9cuunBqO,https://api.spotify.com/v1/audio-analysis/3ab7KnHf7J35kq9cuunBqO,273293,4
0.605,0.314,0,-7.631,1,0.0327,0.916,0,0.359,0.836,138.148,audio_features,0Wv8IXRUDZOfmFJHC1VOFI,spotify:track:0Wv8IXRUDZOfmFJHC1VOFI,https://api.spotify.com/v1/tracks/0Wv8IXRUDZOfmFJHC1VOFI,https://api.spotify.com/v1/audio-analysis/0Wv8IXRUDZOfmFJHC1VOFI,125867,4
0.723,0.326,2,-8.355,1,0.0426,0.8,0,0.0895,0.473,109.905,audio_features,4IxgQDja21kgvgsFaO21oB,spotify:track:4IxgQDja21kgvgsFaO21oB,https://api.spotify.com/v1/tracks/4IxgQDja21kgvgsFaO21oB,https://api.spotify.com/v1/audio-analysis/4IxgQDja21kgvgsFaO21oB,209645,4
